player_name,Price in $,Role,team,auction_year,Price in rs,nationality,base_price,winning_bid,capped_status
Christopher Morris,"625,000",All-Rounder,Chennai Super Kings,2013,,,,,
Dirk Nannes,"600,000",Bowler,Chennai Super Kings,2013,,,,,
Ben Laughlin,"20,000",Bowler,Chennai Super Kings,2013,,,,,
Akila Dananjaya,"20,000",All-Rounder,Chennai Super Kings,2013,,,,,
Jason Holder,"20,000",Bowler,Chennai Super Kings,2013,,,,,
Johan Botha,"450,000",All-Rounder,Delhi Daredevils,2013,,,,,
Jesse Ryder,"260,000",All-Rounder,Delhi Daredevils,2013,,,,,
Jeevan Mendis,"50,000",All-Rounder,Delhi Daredevils,2013,,,,,
Manpreet Gony,"500,000",Bowler,Kings XI Punjab,2013,,,,,
Luke Pomersbach,"300,000",Batsman,Kings XI Punjab,2013,,,,,
Sachithra Senanayaka,"625,000",All-Rounder,Kolkata Knight Riders,2013,,,,,
Ryan McLaren,"50,000",Bowler,Kolkata Knight Riders,2013,,,,,
Glenn Maxwell,"1,000,000",All-Rounder,Mumbai Indians,2013,,,,,
Nathan Coulter-Nile,"450,000",Bowler,Mumbai Indians,2013,,,,,
Ricky Ponting,"400,000",Batsman,Mumbai Indians,2013,,,,,
Philip Hughes,"100,000",Batsman,Mumbai Indians,2013,,,,,
Jacob Oram,"50,000",All-Rounder,Mumbai Indians,2013,,,,,
Ajantha Mendis,"725,000",Bowler,Pune Warriors India,2013,,,,,
Kane Richardson,"700,000",Bowler,Pune Warriors India,2013,,,,,
Abhishek Nayar,"675,000",All-Rounder,Pune Warriors India,2013,,,,,
Michael Clarke,"400,000",Batsman,Pune Warriors India,2013,,,,,
James Faulkner,"400,000",All-Rounder,Rajasthan Royals,2013,,,,,
Fidel Edwards,"210,000",Bowler,Rajasthan Royals,2013,,,,,
Kusal Janith Perera,"20,000",Wicket Keeper,Rajasthan Royals,2013,,,,,
Jaydev Unadkat,"525,000",Bowler,Royal Challengers Bengaluru,2013,,,,,
Rudra Pratap Singh,"400,000",Bowler,Royal Challengers Bengaluru,2013,,,,,
Moises Henriques,"300,000",All-Rounder,Royal Challengers Bengaluru,2013,,,,,
Ravi Rampaul,"290,000",Bowler,Royal Challengers Bengaluru,2013,,,,,
Pankaj Singh,"150,000",Bowler,Royal Challengers Bengaluru,2013,,,,,
Daniel Christian,"100,000",All-Rounder,Royal Challengers Bengaluru,2013,,,,,
Christopher Barnwell,"50,000",All-Rounder,Royal Challengers Bengaluru,2013,,,,,
Thisara Perera,"675,000",All-Rounder,Sunrisers Hyderabad,2013,,,,,
Darren Sammy,"425,000",All-Rounder,Sunrisers Hyderabad,2013,,,,,
Sudeep Tyagi,"100,000",Bowler,Sunrisers Hyderabad,2013,,,,,
Clinton McKay,"100,000",Bowler,Sunrisers Hyderabad,2013,,,,,
Nathan McCullum,"100,000",Bowler,Sunrisers Hyderabad,2013,,,,,
Quinton De Kock,"20,000",Wicket Keeper,Sunrisers Hyderabad,2013,,,,,
Faf Du Plessis,,Batsman,Chennai Super Kings,2014,"4,75,00,000",,,,
Dwayne Smith,,Batsman,Chennai Super Kings,2014,"4,50,00,000",,,,
Brendon McCullum,,Wicket Keeper,Chennai Super Kings,2014,"3,25,00,000",,,,
Ashish Nehra,,Bowler,Chennai Super Kings,2014,"2,00,00,000",,,,
Mohit Sharma,,Bowler,Chennai Super Kings,2014,"2,00,00,000",,,,
Ishwar Chandra Pandey,,Bowler,Chennai Super Kings,2014,"1,50,00,000",,,,
Ben Hilfenhaus,,Bowler,Chennai Super Kings,2014,"1,00,00,000",,,,
John Hastings,,All-Rounder,Chennai Super Kings,2014,"50,00,000",,,,
Samuel Badree,,Bowler,Chennai Super Kings,2014,"30,00,000",,,,
Matt Henry,,Bowler,Chennai Super Kings,2014,"30,00,000",,,,
Mithun Manhas,,All-Rounder,Chennai Super Kings,2014,"30,00,000",,,,
Vijay Shankar,,All-Rounder,Chennai Super Kings,2014,"10,00,000",,,,
Ronit More,,Bowler,Chennai Super Kings,2014,"10,00,000",,,,
Baba Aparajith,,Batsman,Chennai Super Kings,2014,"10,00,000",,,,
Pawan Negi,,Bowler,Chennai Super Kings,2014,"10,00,000",,,,
Dinesh Karthik,,Wicket Keeper,Delhi Daredevils,2014,"12,50,00,000",,,,
Kevin Pietersen,,Batsman,Delhi Daredevils,2014,"9,00,00,000",,,,
Murali Vijay,,Batsman,Delhi Daredevils,2014,"5,00,00,000",,,,
Mohammad Shami,,Bowler,Delhi Daredevils,2014,"4,25,00,000",,,,
Nathan Coulter-Nile,,Bowler,Delhi Daredevils,2014,"4,25,00,000",,,,
Quinton De Kock,,Wicket Keeper,Delhi Daredevils,2014,"3,50,00,000",,,,
Manoj Tiwary,,Batsman,Delhi Daredevils,2014,"2,80,00,000",,,,
Jaydev Unadkat,,Bowler,Delhi Daredevils,2014,"2,80,00,000",,,,
Jean-Paul Duminy,,Batsman,Delhi Daredevils,2014,"2,20,00,000",,,,
Ross Taylor,,Batsman,Delhi Daredevils,2014,"2,00,00,000",,,,
Kedar Jadhav,,Batsman,Delhi Daredevils,2014,"2,00,00,000",,,,
Rahul Sharma,,Bowler,Delhi Daredevils,2014,"1,90,00,000",,,,
Mayank Agarwal,,Batsman,Delhi Daredevils,2014,"1,60,00,000",,,,
Laxmi Ratan Shukla,,All-Rounder,Delhi Daredevils,2014,"1,50,00,000",,,,
James Neesham,,All-Rounder,Delhi Daredevils,2014,"1,00,00,000",,,,
Wayne Parnell,,Bowler,Delhi Daredevils,2014,"1,00,00,000",,,,
Shahbaz Nadeem,,Bowler,Delhi Daredevils,2014,"85,00,000",,,,
Saurabh Tiwary,,Batsman,Delhi Daredevils,2014,"70,00,000",,,,
Siddarth Kaul,,Bowler,Delhi Daredevils,2014,"45,00,000",,,,
Rahul Shukla,,Bowler,Delhi Daredevils,2014,"40,00,000",,,,
Jayant Yadav,,All-Rounder,Delhi Daredevils,2014,"10,00,000",,,,
HS Sharath,,Bowler,Delhi Daredevils,2014,"10,00,000",,,,
Milind Kumar,,Batsman,Delhi Daredevils,2014,"10,00,000",,,,
Mitchell Johnson,,All-Rounder,Kings XI Punjab,2014,"6,50,00,000",,,,
Glenn Maxwell,,All-Rounder,Kings XI Punjab,2014,"6,00,00,000",,,,
George Bailey,,Batsman,Kings XI Punjab,2014,"3,25,00,000",,,,
Virender Sehwag,,Batsman,Kings XI Punjab,2014,"3,20,00,000",,,,
Rishi Dhawan,,All-Rounder,Kings XI Punjab,2014,"3,00,00,000",,,,
Wriddhiman Saha,,Wicket Keeper,Kings XI Punjab,2014,"2,20,00,000",,,,
Shaun Marsh,,Batsman,Kings XI Punjab,2014,"2,20,00,000",,,,
Cheteshwar Pujara,,Batsman,Kings XI Punjab,2014,"1,90,00,000",,,,
Beuran Hendricks,,Bowler,Kings XI Punjab,2014,"1,80,00,000",,,,
Lakshmipathy Balaji,,Bowler,Kings XI Punjab,2014,"1,80,00,000",,,,
Thisara Perera,,All-Rounder,Kings XI Punjab,2014,"1,60,00,000",,,,
Gurkirat Singh Mann,,Batsman,Kings XI Punjab,2014,"1,30,00,000",,,,
Murali Kartik,,Bowler,Kings XI Punjab,2014,"1,00,00,000",,,,
Sandeep Sharma,,Bowler,Kings XI Punjab,2014,"85,00,000",,,,
Mandeep Hardev Singh,,All-Rounder,Kings XI Punjab,2014,"80,00,000",,,,
Akshar Rajesh Patel,,All-Rounder,Kings XI Punjab,2014,"75,00,000",,,,
Parvinder Awana,,Bowler,Kings XI Punjab,2014,"65,00,000",,,,
Shardul Narendra Thakur,,Bowler,Kings XI Punjab,2014,"20,00,000",,,,
Anureet Singh,,Bowler,Kings XI Punjab,2014,"20,00,000",,,,
Shivam Sharma,,Bowler,Kings XI Punjab,2014,"10,00,000",,,,
Karanveer Singh,,All-Rounder,Kings XI Punjab,2014,"10,00,000",,,,
Jacques Kallis,,All-Rounder,Kolkata Knight Riders,2014,"5,50,00,000",,,,
Robin Uthappa,,Batsman,Kolkata Knight Riders,2014,"5,00,00,000",,,,
Piyush Chawla,,Bowler,Kolkata Knight Riders,2014,"4,25,00,000",,,,
Yusuf Pathan,,All-Rounder,Kolkata Knight Riders,2014,"3,25,00,000",,,,
Shakib Al Hasan,,All-Rounder,Kolkata Knight Riders,2014,"2,80,00,000",,,,
Morne Morkel,,Bowler,Kolkata Knight Riders,2014,"2,80,00,000",,,,
Ranganath Vinay Kumar,,Bowler,Kolkata Knight Riders,2014,"2,80,00,000",,,,
Umesh Yadav,,Bowler,Kolkata Knight Riders,2014,"2,60,00,000",,,,
Manish Pandey,,Batsman,Kolkata Knight Riders,2014,"1,70,00,000",,,,
Chris Lynn,,Batsman,Kolkata Knight Riders,2014,"1,30,00,000",,,,
Patrick Cummins,,Bowler,Kolkata Knight Riders,2014,"1,00,00,000",,,,
Ryan Ten Doeschate,,All-Rounder,Kolkata Knight Riders,2014,"1,00,00,000",,,,
Suryakumar Yadav,,Batsman,Kolkata Knight Riders,2014,"70,00,000",,,,
Andre Russell,,All-Rounder,Kolkata Knight Riders,2014,"60,00,000",,,,
Manvinder Bisla,,Wicket Keeper,Kolkata Knight Riders,2014,"60,00,000",,,,
Veer Pratap Singh,,Bowler,Kolkata Knight Riders,2014,"40,00,000",,,,
Kuldeep Singh Yadav,,Bowler,Kolkata Knight Riders,2014,"40,00,000",,,,
Debabrata Das,,Wicket Keeper,Kolkata Knight Riders,2014,"20,00,000",,,,
Sayan Sekhar Mandal,,All-Rounder,Kolkata Knight Riders,2014,"10,00,000",,,,
Michael Hussey,,Batsman,Mumbai Indians,2014,"5,00,00,000",,,,
Corey Anderson,,All-Rounder,Mumbai Indians,2014,"4,50,00,000",,,,
Pragyan Ojha,,Bowler,Mumbai Indians,2014,"3,25,00,000",,,,
Zaheer Khan,,Bowler,Mumbai Indians,2014,"2,60,00,000",,,,
Aditya Tare,,Wicket Keeper,Mumbai Indians,2014,"1,60,00,000",,,,
Jasprit Bumrah,,Bowler,Mumbai Indians,2014,"1,20,00,000",,,,
Jalaj Saxena,,All-Rounder,Mumbai Indians,2014,"90,00,000",,,,
Josh Hazlewood,,Bowler,Mumbai Indians,2014,"50,00,000",,,,
Marchant De Lange,,Bowler,Mumbai Indians,2014,"30,00,000",,,,
Krismar Santokie,,Bowler,Mumbai Indians,2014,"30,00,000",,,,
Ben Dunk,,Wicket Keeper,Mumbai Indians,2014,"20,00,000",,,,
C.M. Gautam,,Wicket Keeper,Mumbai Indians,2014,"20,00,000",,,,
Apoorv Vijay Wankhade,,Batsman,Mumbai Indians,2014,"10,00,000",,,,
Pawan Suyal,,Bowler,Mumbai Indians,2014,"10,00,000",,,,
Sushant Marathe,,Wicket Keeper,Mumbai Indians,2014,"10,00,000",,,,
Shreyas Gopal,,Bowler,Mumbai Indians,2014,"10,00,000",,,,
Steven Smith,,All-Rounder,Rajasthan Royals,2014,"4,00,00,000",,,,
Brad Hodge,,Batsman,Rajasthan Royals,2014,"2,40,00,000",,,,
Rajat Bhatia,,All-Rounder,Rajasthan Royals,2014,"1,70,00,000",,,,
Tim Southee,,Bowler,Rajasthan Royals,2014,"1,20,00,000",,,,
Dhawal Kulkarni,,Bowler,Rajasthan Royals,2014,"1,10,00,000",,,,
Abhishek Nayar,,All-Rounder,Rajasthan Royals,2014,"1,00,00,000",,,,
Kane Richardson,,Bowler,Rajasthan Royals,2014,"1,00,00,000",,,,
Ben Cutting,,Bowler,Rajasthan Royals,2014,"80,00,000",,,,
Karun Nair,,Batsman,Rajasthan Royals,2014,"75,00,000",,,,
Unmukt Chand,,Batsman,Rajasthan Royals,2014,"65,00,000",,,,
Iqbal Abdullah,,All-Rounder,Rajasthan Royals,2014,"65,00,000",,,,
Deepak Hooda,,Bowler,Rajasthan Royals,2014,"40,00,000",,,,
Dishant Yagnik,,Wicket Keeper,Rajasthan Royals,2014,"30,00,000",,,,
Kevon Cooper,,All-Rounder,Rajasthan Royals,2014,"30,00,000",,,,
Vikramjeet Malik,,Bowler,Rajasthan Royals,2014,"20,00,000",,,,
Ankit Nagendra Sharma,,Bowler,Rajasthan Royals,2014,"10,00,000",,,,
Rahul Tewatia,,All-Rounder,Rajasthan Royals,2014,"10,00,000",,,,
Ankush Bains,,Wicket Keeper,Rajasthan Royals,2014,"10,00,000",,,,
Amit Mishra,,Bowler,Rajasthan Royals,2014,"10,00,000",,,,
Pravin Tambe,,Bowler,Rajasthan Royals,2014,"10,00,000",,,,
Yuvraj Singh,,All-Rounder,Royal Challengers Bengaluru,2014,"14,00,00,000",,,,
Mitchell Starc,,Bowler,Royal Challengers Bengaluru,2014,"5,00,00,000",,,,
Albie Morkel,,All-Rounder,Royal Challengers Bengaluru,2014,"2,40,00,000",,,,
Varun Aaron,,Bowler,Royal Challengers Bengaluru,2014,"2,00,00,000",,,,
Ashok Dinda,,Bowler,Royal Challengers Bengaluru,2014,"1,50,00,000",,,,
Parthiv Patel,,Wicket Keeper,Royal Challengers Bengaluru,2014,"1,40,00,000",,,,
Muttiah Muralitharan,,Bowler,Royal Challengers Bengaluru,2014,"1,00,00,000",,,,
Ravi Rampaul,,Bowler,Royal Challengers Bengaluru,2014,"90,00,000",,,,
Nic Maddinson,,Batsman,Royal Challengers Bengaluru,2014,"50,00,000",,,,
Harshal Patel,,Bowler,Royal Challengers Bengaluru,2014,"40,00,000",,,,
Vijay Zol,,Batsman,Royal Challengers Bengaluru,2014,"30,00,000",,,,
Abu Nechim Ahmed,,Bowler,Royal Challengers Bengaluru,2014,"30,00,000",,,,
Sachin Rana,,Bowler,Royal Challengers Bengaluru,2014,"20,00,000",,,,
Shadab Jakati,,Bowler,Royal Challengers Bengaluru,2014,"20,00,000",,,,
Sandeep Warrier,,Bowler,Royal Challengers Bengaluru,2014,"10,00,000",,,,
Tanmay Mishra,,Batsman,Royal Challengers Bengaluru,2014,"10,00,000",,,,
Yogesh Takawale,,Wicket Keeper,Royal Challengers Bengaluru,2014,"10,00,000",,,,
Yuzvendra Singh Chahal,,Bowler,Royal Challengers Bengaluru,2014,"10,00,000",,,,
David Warner,,Batsman,Sunrisers Hyderabad,2014,"5,50,00,000",,,,
Amit Mishra,,Bowler,Sunrisers Hyderabad,2014,"4,75,00,000",,,,
Bhuvneshwar Kumar,,Bowler,Sunrisers Hyderabad,2014,"4,25,00,000",,,,
Aaron Finch,,Batsman,Sunrisers Hyderabad,2014,"4,00,00,000",,,,
Karn Sharma,,Bowler,Sunrisers Hyderabad,2014,"3,75,00,000",,,,
Darren Sammy,,All-Rounder,Sunrisers Hyderabad,2014,"3,50,00,000",,,,
Ishant Sharma,,Bowler,Sunrisers Hyderabad,2014,"2,60,00,000",,,,
Irfan Pathan,,All-Rounder,Sunrisers Hyderabad,2014,"2,40,00,000",,,,
Moises Henriques,,All-Rounder,Sunrisers Hyderabad,2014,"1,00,00,000",,,,
KL Rahul,,Batsman,Sunrisers Hyderabad,2014,"1,00,00,000",,,,
Parveez Rasool,,All-Rounder,Sunrisers Hyderabad,2014,"95,00,000",,,,
Jason Holder,,Bowler,Sunrisers Hyderabad,2014,"75,00,000",,,,
Venugopal Rao,,Batsman,Sunrisers Hyderabad,2014,"55,00,000",,,,
Naman Ojha,,Wicket Keeper,Sunrisers Hyderabad,2014,"50,00,000",,,,
Brendan Taylor,,Wicket Keeper,Sunrisers Hyderabad,2014,"30,00,000",,,,
Prasanth Parameswaran,,Bowler,Sunrisers Hyderabad,2014,"30,00,000",,,,
Amit Paunikar,,Wicket Keeper,Sunrisers Hyderabad,2014,"20,00,000",,,,
Ashish Reddy,,Bowler,Sunrisers Hyderabad,2014,"20,00,000",,,,
Srikkanth Anirudha,,Batsman,Sunrisers Hyderabad,2014,"20,00,000",,,,
Ricky Bhui,,Batsman,Sunrisers Hyderabad,2014,"10,00,000",,,,
Chama Milind,,Bowler,Sunrisers Hyderabad,2014,"10,00,000",,,,
Manprit Juneja,,Batsman,Sunrisers Hyderabad,2014,"10,00,000",,,,
Michael Hussey,,Batsman,Chennai Super Kings,2015,"1,50,00,000",,,,
Irfan Pathan,,All-Rounder,Chennai Super Kings,2015,"1,50,00,000",,,,
Rahul Sharma,,Bowler,Chennai Super Kings,2015,"30,00,000",,,,
Kyle Abbott,,Bowler,Chennai Super Kings,2015,"30,00,000",,,,
Andrew Tye,,Bowler,Chennai Super Kings,2015,"20,00,000",,,,
Pratyush Singh,,All-Rounder,Chennai Super Kings,2015,"10,00,000",,,,
Ankush Bains,,Wicket Keeper,Chennai Super Kings,2015,"10,00,000",,,,
Eklavya Dwivedi,,Wicket Keeper,Chennai Super Kings,2015,"10,00,000",,,,
Yuvraj Singh,,Batsman,Delhi Daredevils,2015,"16,00,00,000",,,,
Angelo Mathews,,All-Rounder,Delhi Daredevils,2015,"7,50,00,000",,,,
Zaheer Khan,,Bowler,Delhi Daredevils,2015,"4,00,00,000",,,,
Amit Mishra,,Bowler,Delhi Daredevils,2015,"3,50,00,000",,,,
Shreyas Iyer,,Batsman,Delhi Daredevils,2015,"2,60,00,000",,,,
Gurinder Sandhu,,Bowler,Delhi Daredevils,2015,"1,70,00,000",,,,
Jaydev Unadkat,,Bowler,Delhi Daredevils,2015,"1,10,00,000",,,,
Domnic Joseph Muthuswamy,,Bowler,Delhi Daredevils,2015,"75,00,000",,,,
Albie Morkel,,All-Rounder,Delhi Daredevils,2015,"30,00,000",,,,
Travis Head,,Batsman,Delhi Daredevils,2015,"30,00,000",,,,
Marcus Stoinis,,All-Rounder,Delhi Daredevils,2015,"25,00,000",,,,
C.M. Gautam,,Wicket Keeper,Delhi Daredevils,2015,"20,00,000",,,,
Kona Srikar Bharat,,Wicket Keeper,Delhi Daredevils,2015,"10,00,000",,,,
K.K. Jiyaz,,Bowler,Delhi Daredevils,2015,"10,00,000",,,,
Murali Vijay,,Batsman,Kings XI Punjab,2015,"3,00,00,000",,,,
Nikhil Shankar Naik,,Wicket Keeper,Kings XI Punjab,2015,"30,00,000",,,,
Yogesh Gowalkar,,All-Rounder,Kings XI Punjab,2015,"10,00,000",,,,
K.C. Cariappa,,Bowler,Kolkata Knight Riders,2015,"2,40,00,000",,,,
James Neesham,,All-Rounder,Kolkata Knight Riders,2015,"50,00,000",,,,
Brad Hogg,,Bowler,Kolkata Knight Riders,2015,"50,00,000",,,,
Aditya Garhwal,,All-Rounder,Kolkata Knight Riders,2015,"25,00,000",,,,
Sheldon Jackson,,Batsman,Kolkata Knight Riders,2015,"15,00,000",,,,
Sumit Narwal,,All-Rounder,Kolkata Knight Riders,2015,"10,00,000",,,,
Vaibhav Rawal,,All-Rounder,Kolkata Knight Riders,2015,"10,00,000",,,,
Aaron Finch,,Batsman,Mumbai Indians,2015,"3,20,00,000",,,,
Pragyan Ojha,,Bowler,Mumbai Indians,2015,"50,00,000",,,,
Abhimanyu Mithun,,Bowler,Mumbai Indians,2015,"30,00,000",,,,
Mitchell McClenaghan,,Bowler,Mumbai Indians,2015,"30,00,000",,,,
Aiden Blizzard,,Batsman,Mumbai Indians,2015,"30,00,000",,,,
Hardik Pandya,,All-Rounder,Mumbai Indians,2015,"10,00,000",,,,
Akshay Wakhare,,Bowler,Mumbai Indians,2015,"10,00,000",,,,
Nitish Rana,,All-Rounder,Mumbai Indians,2015,"10,00,000",,,,
Siddhesh Dinesh Lad,,All-Rounder,Mumbai Indians,2015,"10,00,000",,,,
J. Suchitch,,All-Rounder,Mumbai Indians,2015,"10,00,000",,,,
Christopher Morris,,All-Rounder,Rajasthan Royals,2015,"1,40,00,000",,,,
Juan Theron,,Bowler,Rajasthan Royals,2015,"30,00,000",,,,
Barinder Singh Saran,,Bowler,Rajasthan Royals,2015,"10,00,000",,,,
Dinesh Salunkhe,,All-Rounder,Rajasthan Royals,2015,"10,00,000",,,,
Sagar Trivedi,,All-Rounder,Rajasthan Royals,2015,"10,00,000",,,,
Pardeep Sahu,,All-Rounder,Rajasthan Royals,2015,"10,00,000",,,,
Dinesh Karthik,,Wicket Keeper,Royal Challengers Bengaluru,2015,"10,50,00,000",,,,
Darren Sammy,,All-Rounder,Royal Challengers Bengaluru,2015,"2,80,00,000",,,,
David Wiese,,All-Rounder,Royal Challengers Bengaluru,2015,"2,80,00,000",,,,
Sean Abbott,,Bowler,Royal Challengers Bengaluru,2015,"1,00,00,000",,,,
Adam Milne,,Bowler,Royal Challengers Bengaluru,2015,"70,00,000",,,,
Sarfaraz Naushad Khan,,Batsman,Royal Challengers Bengaluru,2015,"50,00,000",,,,
Subramaniam Badrinath,,Batsman,Royal Challengers Bengaluru,2015,"30,00,000",,,,
Jalaj Saxena,,All-Rounder,Royal Challengers Bengaluru,2015,"10,00,000",,,,
Shishir Bhavane,,Batsman,Royal Challengers Bengaluru,2015,"10,00,000",,,,
Trent Boult,,Bowler,Sunrisers Hyderabad,2015,"3,80,00,000",,,,
Praveen Kumar,,Bowler,Sunrisers Hyderabad,2015,"2,20,00,000",,,,
Kevin Pietersen,,Batsman,Sunrisers Hyderabad,2015,"2,00,00,000",,,,
Eoin Morgan,,Batsman,Sunrisers Hyderabad,2015,"1,50,00,000",,,,
Ravi Bopara,,All-Rounder,Sunrisers Hyderabad,2015,"1,00,00,000",,,,
Kane Williamson,,All-Rounder,Sunrisers Hyderabad,2015,"60,00,000",,,,
Laxmi Ratan Shukla,,All-Rounder,Sunrisers Hyderabad,2015,"30,00,000",,,,
Prasanth Padmanabhan,,All-Rounder,Sunrisers Hyderabad,2015,"10,00,000",,,,
Hanuma Vihari,,Batsman,Sunrisers Hyderabad,2015,"10,00,000",,,,
Siddarth Kaul,,Bowler,Sunrisers Hyderabad,2015,"10,00,000",,,,
Pawan Negi,,All-Rounder,Delhi Daredevils,2016,"8,50,00,000",,,,
Christopher Morris,,All-Rounder,Delhi Daredevils,2016,"7,00,00,000",,,,
Sanju Samson,,Wicket Keeper,Delhi Daredevils,2016,"4,20,00,000",,,,
Carlos Brathwaite,,All-Rounder,Delhi Daredevils,2016,"4,20,00,000",,,,
Karun Nair,,Batsman,Delhi Daredevils,2016,"4,00,00,000",,,,
Rishabh Pant,,Wicket Keeper,Delhi Daredevils,2016,"1,90,00,000",,,,
Joel Paris,,Bowler,Delhi Daredevils,2016,"30,00,000",,,,
Sam Billings,,Wicket Keeper,Delhi Daredevils,2016,"30,00,000",,,,
Chama Milind,,Bowler,Delhi Daredevils,2016,"10,00,000",,,,
Pratyush Singh,,All-Rounder,Delhi Daredevils,2016,"10,00,000",,,,
Mahipal Lomror,,All-Rounder,Delhi Daredevils,2016,"10,00,000",,,,
Syed Khaleel Ahmed,,All-Rounder,Delhi Daredevils,2016,"10,00,000",,,,
Akhil Arvind Herwadkar,,All-Rounder,Delhi Daredevils,2016,"10,00,000",,,,
Pawan Suyal,,Bowler,Delhi Daredevils,2016,"10,00,000",,,,
Praveen Kumar,,Bowler,Gujarat Lions,2016,"3,50,00,000",,,,
Dale Steyn,,Bowler,Gujarat Lions,2016,"2,30,00,000",,,,
Dinesh Karthik,,Wicket Keeper,Gujarat Lions,2016,"2,30,00,000",,,,
Dwayne Smith,,All-Rounder,Gujarat Lions,2016,"2,30,00,000",,,,
Dhawal Kulkarni,,Bowler,Gujarat Lions,2016,"2,00,00,000",,,,
Aaron Finch,,Batsman,Gujarat Lions,2016,"1,00,00,000",,,,
Eklavya Dwivedi,,Wicket Keeper,Gujarat Lions,2016,"1,00,00,000",,,,
Andrew Tye,,All-Rounder,Gujarat Lions,2016,"50,00,000",,,,
Ishan Kishan,,Wicket Keeper,Gujarat Lions,2016,"35,00,000",,,,
Jaydev Shah,,All-Rounder,Gujarat Lions,2016,"20,00,000",,,,
Shadab Jakati,,All-Rounder,Gujarat Lions,2016,"20,00,000",,,,
Pravin Tambe,,Bowler,Gujarat Lions,2016,"20,00,000",,,,
Pradeep Sangwan,,All-Rounder,Gujarat Lions,2016,"20,00,000",,,,
Amit Mishra,,Bowler,Gujarat Lions,2016,"10,00,000",,,,
Shivil Kaushik,,Bowler,Gujarat Lions,2016,"10,00,000",,,,
Akshdeep Nath,,All-Rounder,Gujarat Lions,2016,"10,00,000",,,,
Sarabjit Ladda,,Bowler,Gujarat Lions,2016,"10,00,000",,,,
Umang Sharma,,Batsman,Gujarat Lions,2016,"10,00,000",,,,
Paras Dogra,,Batsman,Gujarat Lions,2016,"10,00,000",,,,
Mohit Sharma,,Bowler,Kings XI Punjab,2016,"6,50,00,000",,,,
Kyle Abbott,,Bowler,Kings XI Punjab,2016,"2,10,00,000",,,,
K.C. Cariappa,,Bowler,Kings XI Punjab,2016,"80,00,000",,,,
Marcus Stoinis,,All-Rounder,Kings XI Punjab,2016,"55,00,000",,,,
Farhaan Behardien,,All-Rounder,Kings XI Punjab,2016,"30,00,000",,,,
Pardeep Sahu,,All-Rounder,Kings XI Punjab,2016,"10,00,000",,,,
Armaan Jaffer,,Batsman,Kings XI Punjab,2016,"10,00,000",,,,
Swapnil Singh,,All-Rounder,Kings XI Punjab,2016,"10,00,000",,,,
Jaydev Unadkat,,Bowler,Kolkata Knight Riders,2016,"1,60,00,000",,,,
Ankit Singh Rajpoot,,Bowler,Kolkata Knight Riders,2016,"1,50,00,000",,,,
John Hastings,,Bowler,Kolkata Knight Riders,2016,"1,30,00,000",,,,
Jason Holder,,All-Rounder,Kolkata Knight Riders,2016,"70,00,000",,,,
Colin Munro,,All-Rounder,Kolkata Knight Riders,2016,"30,00,000",,,,
Rajagopal Sathish,,All-Rounder,Kolkata Knight Riders,2016,"20,00,000",,,,
Manan Ajay Sharma,,All-Rounder,Kolkata Knight Riders,2016,"10,00,000",,,,
Jos Buttler,,Wicket Keeper,Mumbai Indians,2016,"3,80,00,000",,,,
Nathu Singh,,Bowler,Mumbai Indians,2016,"3,20,00,000",,,,
Tim Southee,,Bowler,Mumbai Indians,2016,"2,50,00,000",,,,
Krunal Pandya,,All-Rounder,Mumbai Indians,2016,"2,00,00,000",,,,
Kishore Pramod Kamath,,All-Rounder,Mumbai Indians,2016,"1,40,00,000",,,,
Deepak Punia,,All-Rounder,Mumbai Indians,2016,"10,00,000",,,,
Jitesh Sharma,,Wicket Keeper,Mumbai Indians,2016,"10,00,000",,,,
Mitchell Marsh,,All-Rounder,Rising Pune Supergiant,2016,"4,80,00,000",,,,
M. Ashwin,,Bowler,Rising Pune Supergiant,2016,"4,50,00,000",,,,
Ishant Sharma,,Bowler,Rising Pune Supergiant,2016,"3,80,00,000",,,,
Kevin Pietersen,,Batsman,Rising Pune Supergiant,2016,"3,50,00,000",,,,
Irfan Pathan,,All-Rounder,Rising Pune Supergiant,2016,"1,00,00,000",,,,
Thisara Perera,,All-Rounder,Rising Pune Supergiant,2016,"1,00,00,000",,,,
Rajat Bhatia,,All-Rounder,Rising Pune Supergiant,2016,"60,00,000",,,,
Ashok Dinda,,Bowler,Rising Pune Supergiant,2016,"50,00,000",,,,
Scott Boland,,Bowler,Rising Pune Supergiant,2016,"50,00,000",,,,
Peter Handscomb,,Wicket Keeper,Rising Pune Supergiant,2016,"30,00,000",,,,
Rudra Pratap Singh,,Bowler,Rising Pune Supergiant,2016,"30,00,000",,,,
Adam Zampa,,Bowler,Rising Pune Supergiant,2016,"30,00,000",,,,
Ishwar Chandra Pandey,,Bowler,Rising Pune Supergiant,2016,"20,00,000",,,,
Deepak Chahar,,All-Rounder,Rising Pune Supergiant,2016,"10,00,000",,,,
Jaskaran Singh,,Bowler,Rising Pune Supergiant,2016,"10,00,000",,,,
Baba Aparajith,,All-Rounder,Rising Pune Supergiant,2016,"10,00,000",,,,
Ankush Bains,,Wicket Keeper,Rising Pune Supergiant,2016,"10,00,000",,,,
Ankit Sharma,,All-Rounder,Rising Pune Supergiant,2016,"10,00,000",,,,
Shane Watson,,All-Rounder,Royal Challengers Bengaluru,2016,"9,50,00,000",,,,
Stuart Binny,,All-Rounder,Royal Challengers Bengaluru,2016,"2,00,00,000",,,,
Kane Richardson,,Bowler,Royal Challengers Bengaluru,2016,"2,00,00,000",,,,
Samuel Badree,,Bowler,Royal Challengers Bengaluru,2016,"50,00,000",,,,
Travis Head,,Batsman,Royal Challengers Bengaluru,2016,"50,00,000",,,,
Praveen Dubey,,All-Rounder,Royal Challengers Bengaluru,2016,"35,00,000",,,,
Vikramjeet Malik,,Bowler,Royal Challengers Bengaluru,2016,"20,00,000",,,,
Akshay Karnewar,,All-Rounder,Royal Challengers Bengaluru,2016,"10,00,000",,,,
Iqbal Abdullah,,All-Rounder,Royal Challengers Bengaluru,2016,"10,00,000",,,,
Sachin Baby,,Batsman,Royal Challengers Bengaluru,2016,"10,00,000",,,,
Vikas Tokas,,Bowler,Royal Challengers Bengaluru,2016,"10,00,000",,,,
Yuvraj Singh,,All-Rounder,Sunrisers Hyderabad,2016,"7,00,00,000",,,,
Ashish Nehra,,Bowler,Sunrisers Hyderabad,2016,"5,50,00,000",,,,
Deepak Hooda,,All-Rounder,Sunrisers Hyderabad,2016,"4,20,00,000",,,,
Mustafizur Rahman,,Bowler,Sunrisers Hyderabad,2016,"1,40,00,000",,,,
Aditya Tare,,Wicket Keeper,Sunrisers Hyderabad,2016,"1,20,00,000",,,,
Barinder Singh Sran,,Bowler,Sunrisers Hyderabad,2016,"1,20,00,000",,,,
Ben Cutting,,All-Rounder,Sunrisers Hyderabad,2016,"50,00,000",,,,
Vijay Shankar,,All-Rounder,Sunrisers Hyderabad,2016,"35,00,000",,,,
Abhimanyu Mithun,,Bowler,Sunrisers Hyderabad,2016,"30,00,000",,,,
Tirumalasetti Suman,,Batsman,Sunrisers Hyderabad,2016,"10,00,000",,,,
Kagiso Rabada,,Bowler,Delhi Daredevils,2017,"5,00,00,000",,,,
Patrick Cummins,,Bowler,Delhi Daredevils,2017,"4,50,00,000",,,,
Angelo Mathews,,All-Rounder,Delhi Daredevils,2017,"2,00,00,000",,,,
Corey Anderson,,All-Rounder,Delhi Daredevils,2017,"1,00,00,000",,,,
M. Ashwin,,Bowler,Delhi Daredevils,2017,"1,00,00,000",,,,
Aditya Tare,,Wicket Keeper,Delhi Daredevils,2017,"25,00,000",,,,
Ankeet Bawane,,Batsman,Delhi Daredevils,2017,"10,00,000",,,,
Navdeep Saini,,Bowler,Delhi Daredevils,2017,"10,00,000",,,,
Shashank Singh,,All-Rounder,Delhi Daredevils,2017,"10,00,000",,,,
Jason Roy,,Batsman,Gujarat Lions,2017,"1,00,00,000",,,,
Basil Thampi,,Bowler,Gujarat Lions,2017,"85,00,000",,,,
Manpreet Gony,,Bowler,Gujarat Lions,2017,"60,00,000",,,,
Nathu Singh,,Bowler,Gujarat Lions,2017,"50,00,000",,,,
Munaf Patel,,Bowler,Gujarat Lions,2017,"30,00,000",,,,
Akshdeep Nath,,All-Rounder,Gujarat Lions,2017,"10,00,000",,,,
Shubam Agrawal,,All-Rounder,Gujarat Lions,2017,"10,00,000",,,,
Tejas Singh Baroka,,Bowler,Gujarat Lions,2017,"10,00,000",,,,
Chirag Suri,,Batsman,Gujarat Lions,2017,"10,00,000",,,,
Pratham Singh,,All-Rounder,Gujarat Lions,2017,"10,00,000",,,,
Shelley Shaurya,,Bowler,Gujarat Lions,2017,"10,00,000",,,,
T Natarajan,,Bowler,Kings XI Punjab,2017,"3,00,00,000",,,,
Varun Aaron,,Bowler,Kings XI Punjab,2017,"2,80,00,000",,,,
Eoin Morgan,,Batsman,Kings XI Punjab,2017,"2,00,00,000",,,,
Matt Henry,,Bowler,Kings XI Punjab,2017,"50,00,000",,,,
Martin Guptill,,Batsman,Kings XI Punjab,2017,"50,00,000",,,,
Darren Sammy,,All-Rounder,Kings XI Punjab,2017,"30,00,000",,,,
Rahul Tewatia,,All-Rounder,Kings XI Punjab,2017,"25,00,000",,,,
Rinku Singh,,Batsman,Kings XI Punjab,2017,"10,00,000",,,,
Trent Boult,,Bowler,Kolkata Knight Riders,2017,"5,00,00,000",,,,
Chris Woakes,,All-Rounder,Kolkata Knight Riders,2017,"4,20,00,000",,,,
Nathan Coulter-Nile,,Bowler,Kolkata Knight Riders,2017,"3,50,00,000",,,,
Rishi Dhawan,,All-Rounder,Kolkata Knight Riders,2017,"55,00,000",,,,
Darren Bravo,,Batsman,Kolkata Knight Riders,2017,"50,00,000",,,,
Rovman Powell,,All-Rounder,Kolkata Knight Riders,2017,"30,00,000",,,,
Sayan Ghosh,,Bowler,Kolkata Knight Riders,2017,"10,00,000",,,,
R. Sanjay Yadav,,All-Rounder,Kolkata Knight Riders,2017,"10,00,000",,,,
Ishank Jaggi,,Batsman,Kolkata Knight Riders,2017,"10,00,000",,,,
Karn Sharma,,All-Rounder,Mumbai Indians,2017,"3,20,00,000",,,,
Krishnappa Gowtham,,All-Rounder,Mumbai Indians,2017,"2,00,00,000",,,,
Mitchell Johnson,,Bowler,Mumbai Indians,2017,"2,00,00,000",,,,
Asela Gunarathna,,Batsman,Mumbai Indians,2017,"30,00,000",,,,
Saurabh Tiwary,,Batsman,Mumbai Indians,2017,"30,00,000",,,,
Nicolas Pooran,,Wicket Keeper,Mumbai Indians,2017,"30,00,000",,,,
Kulwant Khejroliya,,Bowler,Mumbai Indians,2017,"10,00,000",,,,
Benjamin Stokes,,All-Rounder,Rising Pune Supergiant,2017,"14,50,00,000",,,,
Daniel Christian,,All-Rounder,Rising Pune Supergiant,2017,"1,00,00,000",,,,
Manoj Tiwary,,Batsman,Rising Pune Supergiant,2017,"50,00,000",,,,
Lockie Ferguson,,Bowler,Rising Pune Supergiant,2017,"50,00,000",,,,
Jaydev Unadkat,,Bowler,Rising Pune Supergiant,2017,"30,00,000",,,,
Rahul Chahar,,Bowler,Rising Pune Supergiant,2017,"10,00,000",,,,
Saurabh Kumar,,Bowler,Rising Pune Supergiant,2017,"10,00,000",,,,
Milind Tandon,,All-Rounder,Rising Pune Supergiant,2017,"10,00,000",,,,
Rahul Ajay Tripathi,,All-Rounder,Rising Pune Supergiant,2017,"10,00,000",,,,
Tymal Mills,,Bowler,Royal Challengers Bengaluru,2017,"12,00,00,000",,,,
Aniket Choudhary,,Bowler,Royal Challengers Bengaluru,2017,"2,00,00,000",,,,
Pawan Negi,,All-Rounder,Royal Challengers Bengaluru,2017,"1,00,00,000",,,,
Billy Stanlake,,Bowler,Royal Challengers Bengaluru,2017,"30,00,000",,,,
Praveen Dubey,,All-Rounder,Royal Challengers Bengaluru,2017,"10,00,000",,,,
Rashid Khan Arman,,Bowler,Sunrisers Hyderabad,2017,"4,00,00,000",,,,
Mohammed Siraj,,Bowler,Sunrisers Hyderabad,2017,"2,60,00,000",,,,
Eklavya Dwivedi,,Wicket Keeper,Sunrisers Hyderabad,2017,"75,00,000",,,,
Chris Jordan,,All-Rounder,Sunrisers Hyderabad,2017,"50,00,000",,,,
Mohammad Nabi,,All-Rounder,Sunrisers Hyderabad,2017,"30,00,000",,,,
Ben Laughlin,,Bowler,Sunrisers Hyderabad,2017,"30,00,000",,,,
Pravin Tambe,,Bowler,Sunrisers Hyderabad,2017,"10,00,000",,,,
Tanmay Agarwal,,Batsman,Sunrisers Hyderabad,2017,"10,00,000",,,,
Kedar Jadhav,,All-Rounder,Chennai Super Kings,2018,"7,80,00,000",,,,
Dwayne Bravo,,All-Rounder,Chennai Super Kings,2018,"6,40,00,000",,,,
Karn Sharma,,Bowler,Chennai Super Kings,2018,"5,00,00,000",,,,
Shane Watson,,All-Rounder,Chennai Super Kings,2018,"4,00,00,000",,,,
Shardul Narendra Thakur,,Bowler,Chennai Super Kings,2018,"2,60,00,000",,,,
Ambati Rayudu,,Wicket Keeper,Chennai Super Kings,2018,"2,20,00,000",,,,
Murali Vijay,,Batsman,Chennai Super Kings,2018,"2,00,00,000",,,,
Harbhajan Singh,,Bowler,Chennai Super Kings,2018,"2,00,00,000",,,,
Faf Du Plessis,,Batsman,Chennai Super Kings,2018,"1,60,00,000",,,,
Mark Wood,,Bowler,Chennai Super Kings,2018,"1,50,00,000",,,,
Sam Billings,,Wicket Keeper,Chennai Super Kings,2018,"1,00,00,000",,,,
Imran Tahir,,Bowler,Chennai Super Kings,2018,"1,00,00,000",,,,
Deepak Chahar,,All-Rounder,Chennai Super Kings,2018,"80,00,000",,,,
Mitchell Santner,,All-Rounder,Chennai Super Kings,2018,"50,00,000",,,,
Lungisani Ngidi,,Bowler,Chennai Super Kings,2018,"50,00,000",,,,
Asif K M,,Bowler,Chennai Super Kings,2018,"40,00,000",,,,
N Jagadeesan,,Wicket Keeper,Chennai Super Kings,2018,"20,00,000",,,,
Kanishk Seth,,All-Rounder,Chennai Super Kings,2018,"20,00,000",,,,
Monu Singh,,Bowler,Chennai Super Kings,2018,"20,00,000",,,,
Dhruv Shorey,,All-Rounder,Chennai Super Kings,2018,"20,00,000",,,,
Kshitiz Sharma,,All-Rounder,Chennai Super Kings,2018,"20,00,000",,,,
Chaitanya Bishnoi,,All-Rounder,Chennai Super Kings,2018,"20,00,000",,,,
Glenn Maxwell,,All-Rounder,Delhi Daredevils,2018,"9,00,00,000",,,,
Kagiso Rabada,,Bowler,Delhi Daredevils,2018,"4,20,00,000",,,,
Amit Mishra,,Bowler,Delhi Daredevils,2018,"4,00,00,000",,,,
Shahbaz Nadeem,,Bowler,Delhi Daredevils,2018,"3,20,00,000",,,,
Vijay Shankar,,All-Rounder,Delhi Daredevils,2018,"3,20,00,000",,,,
Rahul Tewatia,,All-Rounder,Delhi Daredevils,2018,"3,00,00,000",,,,
Mohammad Shami,,Bowler,Delhi Daredevils,2018,"3,00,00,000",,,,
Gautam Gambhir,,Batsman,Delhi Daredevils,2018,"2,80,00,000",,,,
Trent Boult,,Bowler,Delhi Daredevils,2018,"2,20,00,000",,,,
Colin Munro,,All-Rounder,Delhi Daredevils,2018,"1,90,00,000",,,,
Daniel Christian,,All-Rounder,Delhi Daredevils,2018,"1,50,00,000",,,,
Jason Roy,,Batsman,Delhi Daredevils,2018,"1,50,00,000",,,,
Naman Ojha,,Wicket Keeper,Delhi Daredevils,2018,"1,40,00,000",,,,
Prithvi Shaw,,Batsman,Delhi Daredevils,2018,"1,20,00,000",,,,
Gurkeerat Singh Mann,,All-Rounder,Delhi Daredevils,2018,"75,00,000",,,,
Avesh Khan,,Bowler,Delhi Daredevils,2018,"70,00,000",,,,
Abhishek Sharma,,All-Rounder,Delhi Daredevils,2018,"55,00,000",,,,
Jayant Yadav,,All-Rounder,Delhi Daredevils,2018,"50,00,000",,,,
Harshal Patel,,All-Rounder,Delhi Daredevils,2018,"20,00,000",,,,
Manjot Kalra,,Batsman,Delhi Daredevils,2018,"20,00,000",,,,
Sandeep Lamichhane,,Bowler,Delhi Daredevils,2018,"20,00,000",,,,
Sayan Ghosh,,Bowler,Delhi Daredevils,2018,"20,00,000",,,,
KL Rahul,,Batsman,Kings XI Punjab,2018,"11,00,00,000",,,,
Ravichandran Ashwin,,All-Rounder,Kings XI Punjab,2018,"7,60,00,000",,,,
Andrew Tye,,Bowler,Kings XI Punjab,2018,"7,20,00,000",,,,
Aaron Finch,,Batsman,Kings XI Punjab,2018,"6,20,00,000",,,,
Marcus Stoinis,,All-Rounder,Kings XI Punjab,2018,"6,20,00,000",,,,
Karun Nair,,Batsman,Kings XI Punjab,2018,"5,60,00,000",,,,
Mujeeb Zadran,,Bowler,Kings XI Punjab,2018,"4,00,00,000",,,,
Ankit Singh Rajpoot,,Bowler,Kings XI Punjab,2018,"3,00,00,000",,,,
David Miller,,Batsman,Kings XI Punjab,2018,"3,00,00,000",,,,
Mohit Sharma,,Bowler,Kings XI Punjab,2018,"2,40,00,000",,,,
Barinder Singh Sran,,Bowler,Kings XI Punjab,2018,"2,20,00,000",,,,
Yuvraj Singh,,All-Rounder,Kings XI Punjab,2018,"2,00,00,000",,,,
Christopher Gayle,,Batsman,Kings XI Punjab,2018,"2,00,00,000",,,,
Ben Dwarshuis,,Bowler,Kings XI Punjab,2018,"1,40,00,000",,,,
Akshdeep Nath,,All-Rounder,Kings XI Punjab,2018,"1,00,00,000",,,,
Manoj Tiwary,,Batsman,Kings XI Punjab,2018,"1,00,00,000",,,,
Mayank Agarwal,,Batsman,Kings XI Punjab,2018,"1,00,00,000",,,,
Manzoor Dar,,All-Rounder,Kings XI Punjab,2018,"20,00,000",,,,
Pardeep Sahu,,Bowler,Kings XI Punjab,2018,"20,00,000",,,,
Mayank Dagar,,All-Rounder,Kings XI Punjab,2018,"20,00,000",,,,
Chris Lynn,,Batsman,Kolkata Knight Riders,2018,"9,60,00,000",,,,
Mitchell Starc,,Bowler,Kolkata Knight Riders,2018,"9,40,00,000",,,,
Dinesh Karthik,,Wicket Keeper,Kolkata Knight Riders,2018,"7,40,00,000",,,,
Robin Uthappa,,Wicket Keeper,Kolkata Knight Riders,2018,"6,40,00,000",,,,
Kuldeep Singh Yadav,,Bowler,Kolkata Knight Riders,2018,"5,80,00,000",,,,
Piyush Chawla,,Bowler,Kolkata Knight Riders,2018,"4,20,00,000",,,,
Nitish Rana,,All-Rounder,Kolkata Knight Riders,2018,"3,40,00,000",,,,
Kamlesh Nagarkoti,,All-Rounder,Kolkata Knight Riders,2018,"3,20,00,000",,,,
Shivam Mavi,,All-Rounder,Kolkata Knight Riders,2018,"3,00,00,000",,,,
Mitchell Johnson,,Bowler,Kolkata Knight Riders,2018,"2,00,00,000",,,,
Shubman Gill,,Batsman,Kolkata Knight Riders,2018,"1,80,00,000",,,,
Ranganath Vinay Kumar,,Bowler,Kolkata Knight Riders,2018,"1,00,00,000",,,,
Rinku Singh,,Batsman,Kolkata Knight Riders,2018,"80,00,000",,,,
Cameron Delport,,All-Rounder,Kolkata Knight Riders,2018,"30,00,000",,,,
Javon Searless,,All-Rounder,Kolkata Knight Riders,2018,"30,00,000",,,,
Apoorv Vijay Wankhade,,Batsman,Kolkata Knight Riders,2018,"20,00,000",,,,
Ishank Jaggi,,Batsman,Kolkata Knight Riders,2018,"20,00,000",,,,
Krunal Pandya,,All-Rounder,Mumbai Indians,2018,"8,80,00,000",,,,
Ishan Kishan,,Wicket Keeper,Mumbai Indians,2018,"6,20,00,000",,,,
Kieron Pollard,,All-Rounder,Mumbai Indians,2018,"5,40,00,000",,,,
Pat Cummins,,Bowler,Mumbai Indians,2018,"5,40,00,000",,,,
Evin Lewis,,Batsman,Mumbai Indians,2018,"3,80,00,000",,,,
Suryakumar Yadav,,Batsman,Mumbai Indians,2018,"3,20,00,000",,,,
Ben Cutting,,All-Rounder,Mumbai Indians,2018,"2,20,00,000",,,,
Mustafizur Rahman,,Bowler,Mumbai Indians,2018,"2,20,00,000",,,,
Rahul Chahar,,Bowler,Mumbai Indians,2018,"1,90,00,000",,,,
Pradeep Sangwan,,Bowler,Mumbai Indians,2018,"1,50,00,000",,,,
Jason Behrendorff,,Bowler,Mumbai Indians,2018,"1,50,00,000",,,,
Jean-Paul Duminy,,All-Rounder,Mumbai Indians,2018,"1,00,00,000",,,,
Saurabh Tiwary,,Batsman,Mumbai Indians,2018,"80,00,000",,,,
Tajinder Dhillon,,All-Rounder,Mumbai Indians,2018,"55,00,000",,,,
Akila Dhananjaya,,Bowler,Mumbai Indians,2018,"50,00,000",,,,
Nidheesh M D Dinesan,,Bowler,Mumbai Indians,2018,"20,00,000",,,,
Aditya Tare,,Wicket Keeper,Mumbai Indians,2018,"20,00,000",,,,
Siddhesh Dinesh Lad,,Batsman,Mumbai Indians,2018,"20,00,000",,,,
Mayank Markande,,Bowler,Mumbai Indians,2018,"20,00,000",,,,
Sharad Lumba,,Batsman,Mumbai Indians,2018,"20,00,000",,,,
Anukul Roy,,All-Rounder,Mumbai Indians,2018,"20,00,000",,,,
Mohsin Khan,,Bowler,Mumbai Indians,2018,"20,00,000",,,,
Benjamin Stokes,,All-Rounder,Rajasthan Royals,2018,"12,50,00,000",,,,
Jaydev Unadkat,,Bowler,Rajasthan Royals,2018,"11,50,00,000",,,,
Sanju Samson,,Wicket Keeper,Rajasthan Royals,2018,"8,00,00,000",,,,
Jofra Archer,,All-Rounder,Rajasthan Royals,2018,"7,20,00,000",,,,
Krishnappa Gowtham,,Bowler,Rajasthan Royals,2018,"6,20,00,000",,,,
Jos Buttler,,Wicket Keeper,Rajasthan Royals,2018,"4,40,00,000",,,,
Ajinkya Rahane,,Batsman,Rajasthan Royals,2018,"4,00,00,000",,,,
Darcy Short,,All-Rounder,Rajasthan Royals,2018,"4,00,00,000",,,,
Rahul Tripathi,,Batsman,Rajasthan Royals,2018,"3,40,00,000",,,,
Dhawal Kulkarni,,Bowler,Rajasthan Royals,2018,"75,00,000",,,,
Zahir Khan Pakteen,,Bowler,Rajasthan Royals,2018,"60,00,000",,,,
Ben Laughlin,,Bowler,Rajasthan Royals,2018,"50,00,000",,,,
Stuart Binny,,All-Rounder,Rajasthan Royals,2018,"50,00,000",,,,
Dushmantha Chameera,,Bowler,Rajasthan Royals,2018,"50,00,000",,,,
Anureet Singh,,Bowler,Rajasthan Royals,2018,"30,00,000",,,,
Aryaman Vikram Birla,,All-Rounder,Rajasthan Royals,2018,"30,00,000",,,,
Midhun S,,All-Rounder,Rajasthan Royals,2018,"20,00,000",,,,
Shreyas Gopal,,All-Rounder,Rajasthan Royals,2018,"20,00,000",,,,
Prashant Chopra,,Wicket Keeper,Rajasthan Royals,2018,"20,00,000",,,,
Jatin Saxena,,All-Rounder,Rajasthan Royals,2018,"20,00,000",,,,
Ankit Sharma,,All-Rounder,Rajasthan Royals,2018,"20,00,000",,,,
Mahipal Lomror,,All-Rounder,Rajasthan Royals,2018,"20,00,000",,,,
Chris Woakes,,All-Rounder,Royal Challengers Bengaluru,2018,"7,40,00,000",,,,
Yuzvendra Singh Chahal,,Bowler,Royal Challengers Bengaluru,2018,"6,00,00,000",,,,
Umesh Yadav,,Bowler,Royal Challengers Bengaluru,2018,"4,20,00,000",,,,
Brendon McCullum,,Batsman,Royal Challengers Bengaluru,2018,"3,60,00,000",,,,
M.S. Washington Sundar,,All-Rounder,Royal Challengers Bengaluru,2018,"3,20,00,000",,,,
Navdeep Saini,,Bowler,Royal Challengers Bengaluru,2018,"3,00,00,000",,,,
Quinton De Kock,,Wicket Keeper,Royal Challengers Bengaluru,2018,"2,80,00,000",,,,
Mohammed Siraj,,Bowler,Royal Challengers Bengaluru,2018,"2,60,00,000",,,,
Nathan Coulter-Nile,,Bowler,Royal Challengers Bengaluru,2018,"2,20,00,000",,,,
Colin De Grandhomme,,All-Rounder,Royal Challengers Bengaluru,2018,"2,20,00,000",,,,
M. Ashwin,,Bowler,Royal Challengers Bengaluru,2018,"2,20,00,000",,,,
Parthiv Patel,,Wicket Keeper,Royal Challengers Bengaluru,2018,"1,70,00,000",,,,
Moeen Ali,,All-Rounder,Royal Challengers Bengaluru,2018,"1,70,00,000",,,,
Mandeep Singh,,All-Rounder,Royal Challengers Bengaluru,2018,"1,40,00,000",,,,
Manan Vohra,,Batsman,Royal Challengers Bengaluru,2018,"1,10,00,000",,,,
Pawan Negi,,All-Rounder,Royal Challengers Bengaluru,2018,"1,00,00,000",,,,
Tim Southee,,Bowler,Royal Challengers Bengaluru,2018,"1,00,00,000",,,,
Kulwant Khejroliya,,Bowler,Royal Challengers Bengaluru,2018,"85,00,000",,,,
Aniket Choudhary,,Bowler,Royal Challengers Bengaluru,2018,"30,00,000",,,,
Pavan Deshpande,,All-Rounder,Royal Challengers Bengaluru,2018,"20,00,000",,,,
Anirudha Ashok Joshi,,All-Rounder,Royal Challengers Bengaluru,2018,"20,00,000",,,,
Manish Pandey,,Batsman,Sunrisers Hyderabad,2018,"11,00,00,000",,,,
Rashid Khan Arman,,Bowler,Sunrisers Hyderabad,2018,"9,00,00,000",,,,
Shikhar Dhawan,,Batsman,Sunrisers Hyderabad,2018,"5,20,00,000",,,,
Wriddhiman Saha,,Wicket Keeper,Sunrisers Hyderabad,2018,"5,00,00,000",,,,
Siddarth Kaul,,Bowler,Sunrisers Hyderabad,2018,"3,80,00,000",,,,
Deepak Hooda,,All-Rounder,Sunrisers Hyderabad,2018,"3,60,00,000",,,,
Syed Khaleel Ahmed,,Bowler,Sunrisers Hyderabad,2018,"3,00,00,000",,,,
Sandeep Sharma,,Bowler,Sunrisers Hyderabad,2018,"3,00,00,000",,,,
Kane Williamson,,Batsman,Sunrisers Hyderabad,2018,"3,00,00,000",,,,
Carlos Brathwaite,,All-Rounder,Sunrisers Hyderabad,2018,"2,00,00,000",,,,
Shakib Al Hasan,,All-Rounder,Sunrisers Hyderabad,2018,"2,00,00,000",,,,
Yusuf Pathan,,All-Rounder,Sunrisers Hyderabad,2018,"1,90,00,000",,,,
Shreevats Goswami,,Wicket Keeper,Sunrisers Hyderabad,2018,"1,00,00,000",,,,
Mohammad Nabi,,All-Rounder,Sunrisers Hyderabad,2018,"1,00,00,000",,,,
Chris Jordan,,All-Rounder,Sunrisers Hyderabad,2018,"1,00,00,000",,,,
Basil Thampi,,Bowler,Sunrisers Hyderabad,2018,"95,00,000",,,,
Billy Stanlake,,Batsman,Sunrisers Hyderabad,2018,"50,00,000",,,,
T Natarajan,,Bowler,Sunrisers Hyderabad,2018,"40,00,000",,,,
Sachin Baby,,Batsman,Sunrisers Hyderabad,2018,"20,00,000",,,,
Bipul Sharma,,All-Rounder,Sunrisers Hyderabad,2018,"20,00,000",,,,
Syed Mehdi Hasan,,All-Rounder,Sunrisers Hyderabad,2018,"20,00,000",,,,
Ricky Bhui,,Batsman,Sunrisers Hyderabad,2018,"20,00,000",,,,
Tanmay Agarwal,,Batsman,Sunrisers Hyderabad,2018,"20,00,000",,,,
Mohit Sharma,,Bowler,Chennai Super Kings,2019,"5,00,00,000",,,,
Ruturaj Gaikwad,,Batsman,Chennai Super Kings,2019,"20,00,000",,,,
Colin Ingram,,Batsman,Delhi Capitals,2019,"6,40,00,000",,,,
Axar Rajesh Patel,,All-Rounder,Delhi Capitals,2019,"5,00,00,000",,,,
Hanuma Vihari,,Batsman,Delhi Capitals,2019,"2,00,00,000",,,,
Sherfane Rutherford,,All-Rounder,Delhi Capitals,2019,"2,00,00,000",,,,
Ishant Sharma,,Bowler,Delhi Capitals,2019,"1,10,00,000",,,,
Keemo Paul,,All-Rounder,Delhi Capitals,2019,"50,00,000",,,,
Jalaj Saxena,,All-Rounder,Delhi Capitals,2019,"20,00,000",,,,
Ankush Bains,,Wicket Keeper,Delhi Capitals,2019,"20,00,000",,,,
Nathu Singh,,Bowler,Delhi Capitals,2019,"20,00,000",,,,
Bandaru Ayyappa,,Bowler,Delhi Capitals,2019,"20,00,000",,,,
Varun Chakaravarthy,,All-Rounder,Kings XI Punjab,2019,"8,40,00,000",,,,
Sam Curran,,All-Rounder,Kings XI Punjab,2019,"7,20,00,000",,,,
Mohammad Shami,,Bowler,Kings XI Punjab,2019,"4,80,00,000",,,,
Prabhsimran Singh,,Wicket Keeper,Kings XI Punjab,2019,"4,80,00,000",,,,
Nicolas Pooran,,Wicket Keeper,Kings XI Punjab,2019,"4,20,00,000",,,,
Moises Henriques,,All-Rounder,Kings XI Punjab,2019,"1,00,00,000",,,,
Hardus Viljoen,,Bowler,Kings XI Punjab,2019,"75,00,000",,,,
Darshan Nalkande,,All-Rounder,Kings XI Punjab,2019,"30,00,000",,,,
Sarfaraz Naushad Khan,,All-Rounder,Kings XI Punjab,2019,"25,00,000",,,,
Arshdeep Singh,,Bowler,Kings XI Punjab,2019,"20,00,000",,,,
Agnivesh Ayachi,,All-Rounder,Kings XI Punjab,2019,"20,00,000",,,,
Harpreet Brar,,All-Rounder,Kings XI Punjab,2019,"20,00,000",,,,
M. Ashwin,,Bowler,Kings XI Punjab,2019,"20,00,000",,,,
Carlos Brathwaite,,All-Rounder,Kolkata Knight Riders,2019,"5,00,00,000",,,,
Lockie Ferguson,,Bowler,Kolkata Knight Riders,2019,"1,60,00,000",,,,
Joe Denly,,Batsman,Kolkata Knight Riders,2019,"1,00,00,000",,,,
Harry Gurney,,Bowler,Kolkata Knight Riders,2019,"75,00,000",,,,
Nikhil Shankar Naik,,Wicket Keeper,Kolkata Knight Riders,2019,"20,00,000",,,,
Shrikant Mundhe,,All-Rounder,Kolkata Knight Riders,2019,"20,00,000",,,,
Prithvi Raj Yarra,,Bowler,Kolkata Knight Riders,2019,"20,00,000",,,,
Anrich Nortje,,Bowler,Kolkata Knight Riders,2019,"20,00,000",,,,
Barinder Singh Sran,,Bowler,Mumbai Indians,2019,"3,40,00,000",,,,
Lasith Malinga,,Bowler,Mumbai Indians,2019,"2,00,00,000",,,,
Yuvraj Singh,,All-Rounder,Mumbai Indians,2019,"1,00,00,000",,,,
Anmolpreet Singh,,Batsman,Mumbai Indians,2019,"80,00,000",,,,
Pankaj Jaswal,,All-Rounder,Mumbai Indians,2019,"20,00,000",,,,
Rasikh Dar,,Bowler,Mumbai Indians,2019,"20,00,000",,,,
Jaydev Unadkat,,Bowler,Rajasthan Royals,2019,"8,40,00,000",,,,
Varun Aaron,,Bowler,Rajasthan Royals,2019,"2,40,00,000",,,,
Oshane Thomas,,Bowler,Rajasthan Royals,2019,"1,10,00,000",,,,
Ashton Turner,,All-Rounder,Rajasthan Royals,2019,"50,00,000",,,,
Liam Livingstone,,All-Rounder,Rajasthan Royals,2019,"50,00,000",,,,
Shashank Singh,,All-Rounder,Rajasthan Royals,2019,"30,00,000",,,,
Riyan Parag,,All-Rounder,Rajasthan Royals,2019,"20,00,000",,,,
Manan Vohra,,Batsman,Rajasthan Royals,2019,"20,00,000",,,,
Shubham Ranjane,,All-Rounder,Rajasthan Royals,2019,"20,00,000",,,,
Shivam Dube,,All-Rounder,Royal Challengers Bengaluru,2019,"5,00,00,000",,,,
Shimron Hetmyer,,Batsman,Royal Challengers Bengaluru,2019,"4,20,00,000",,,,
Akshdeep Nath,,All-Rounder,Royal Challengers Bengaluru,2019,"3,60,00,000",,,,
Prayas Ray Barman,,All-Rounder,Royal Challengers Bengaluru,2019,"1,50,00,000",,,,
Himmat Singh,,Batsman,Royal Challengers Bengaluru,2019,"65,00,000",,,,
Gurkeerat Singh Mann,,All-Rounder,Royal Challengers Bengaluru,2019,"50,00,000",,,,
Heinrich Klaasen,,Wicket Keeper,Royal Challengers Bengaluru,2019,"50,00,000",,,,
Devdutt Padikkal,,Batsman,Royal Challengers Bengaluru,2019,"20,00,000",,,,
Milind Kumar,,All-Rounder,Royal Challengers Bengaluru,2019,"20,00,000",,,,
Jonny Bairstow,,Wicket Keeper,Sunrisers Hyderabad,2019,"2,20,00,000",,,,
Wriddhiman Saha,,Wicket Keeper,Sunrisers Hyderabad,2019,"1,20,00,000",,,,
Martin Guptill,,Batsman,Sunrisers Hyderabad,2019,"1,00,00,000",,,,
Piyush Chawla,,Bowler,Chennai Super Kings,2020,"6,75,00,000",,,,
Sam Curran,,All-Rounder,Chennai Super Kings,2020,"5,50,00,000",,,,
Josh Hazlewood,,Bowler,Chennai Super Kings,2020,"2,00,00,000",,,,
R. Sai Kishore,,Bowler,Chennai Super Kings,2020,"20,00,000",,,,
Shimron Hetmyer,,Batsman,Delhi Capitals,2020,"7,75,00,000",,,,
Marcus Stoinis,,All-Rounder,Delhi Capitals,2020,"4,80,00,000",,,,
Alex Carey,,Wicket Keeper,Delhi Capitals,2020,"2,40,00,000",,,,
Jason Roy,,Batsman,Delhi Capitals,2020,"1,50,00,000",,,,
Chris Woakes,,All-Rounder,Delhi Capitals,2020,"1,50,00,000",,,,
Mohit Sharma,,Bowler,Delhi Capitals,2020,"50,00,000",,,,
Tushar Deshpande,,Bowler,Delhi Capitals,2020,"20,00,000",,,,
Lalit Yadav,,All-Rounder,Delhi Capitals,2020,"20,00,000",,,,
Glenn Maxwell,,All-Rounder,Kings XI Punjab,2020,"10,75,00,000",,,,
Sheldon Cottrell,,Bowler,Kings XI Punjab,2020,"8,50,00,000",,,,
Chris Jordan,,All-Rounder,Kings XI Punjab,2020,"3,00,00,000",,,,
Ravi Bishnoi,,Bowler,Kings XI Punjab,2020,"2,00,00,000",,,,
Prabhsimran Singh,,Wicket Keeper,Kings XI Punjab,2020,"55,00,000",,,,
Deepak Hooda,,All-Rounder,Kings XI Punjab,2020,"50,00,000",,,,
James Neesham,,All-Rounder,Kings XI Punjab,2020,"50,00,000",,,,
Tajinder Dhillon,,All-Rounder,Kings XI Punjab,2020,"20,00,000",,,,
Ishan Porel,,Bowler,Kings XI Punjab,2020,"20,00,000",,,,
Pat Cummins,,All-Rounder,Kolkata Knight Riders,2020,"15,50,00,000",,,,
Eoin Morgan,,Batsman,Kolkata Knight Riders,2020,"5,25,00,000",,,,
Varun Chakaravarthy,,All-Rounder,Kolkata Knight Riders,2020,"4,00,00,000",,,,
Tom Banton,,Batsman,Kolkata Knight Riders,2020,"1,00,00,000",,,,
Rahul Tripathi,,Batsman,Kolkata Knight Riders,2020,"60,00,000",,,,
Chris Green,,All-Rounder,Kolkata Knight Riders,2020,"20,00,000",,,,
Nikhil Shankar Naik,,Wicket Keeper,Kolkata Knight Riders,2020,"20,00,000",,,,
Pravin Tambe,,Bowler,Kolkata Knight Riders,2020,"20,00,000",,,,
M Siddharth,,Bowler,Kolkata Knight Riders,2020,"20,00,000",,,,
Nathan Coulter-Nile,,Bowler,Mumbai Indians,2020,"8,00,00,000",,,,
Chris Lynn,,Batsman,Mumbai Indians,2020,"2,00,00,000",,,,
Saurabh Tiwary,,Batsman,Mumbai Indians,2020,"50,00,000",,,,
Digvijay Deshmukh,,All-Rounder,Mumbai Indians,2020,"20,00,000",,,,
Prince Balwant Rai Singh,,All-Rounder,Mumbai Indians,2020,"20,00,000",,,,
Mohsin Khan,,Bowler,Mumbai Indians,2020,"20,00,000",,,,
Robin Uthappa,,Batsman,Rajasthan Royals,2020,"3,00,00,000",,,,
Jaydev Unadkat,,Bowler,Rajasthan Royals,2020,"3,00,00,000",,,,
Yashasvi Jaiswal,,All-Rounder,Rajasthan Royals,2020,"2,40,00,000",,,,
Kartik Tyagi,,Bowler,Rajasthan Royals,2020,"1,30,00,000",,,,
Tom Curran,,All-Rounder,Rajasthan Royals,2020,"1,00,00,000",,,,
Andrew Tye,,Bowler,Rajasthan Royals,2020,"1,00,00,000",,,,
Anuj Rawat,,Wicket Keeper,Rajasthan Royals,2020,"80,00,000",,,,
David Miller,,Batsman,Rajasthan Royals,2020,"75,00,000",,,,
Oshane Thomas,,Bowler,Rajasthan Royals,2020,"50,00,000",,,,
Anirudha Ashok Joshi,,All-Rounder,Rajasthan Royals,2020,"20,00,000",,,,
Akash Singh,,Bowler,Rajasthan Royals,2020,"20,00,000",,,,
Christopher Morris,,All-Rounder,Royal Challengers Bengaluru,2020,"10,00,00,000",,,,
Aaron Finch,,Batsman,Royal Challengers Bengaluru,2020,"4,40,00,000",,,,
Kane Richardson,,Bowler,Royal Challengers Bengaluru,2020,"4,00,00,000",,,,
Dale Steyn,,Bowler,Royal Challengers Bengaluru,2020,"2,00,00,000",,,,
Isuru Udana,,All-Rounder,Royal Challengers Bengaluru,2020,"50,00,000",,,,
Shahbaz Ahamad,,Wicket Keeper,Royal Challengers Bengaluru,2020,"20,00,000",,,,
Joshua Philippe,,Wicket Keeper,Royal Challengers Bengaluru,2020,"20,00,000",,,,
Pavan Deshpande,,All-Rounder,Royal Challengers Bengaluru,2020,"20,00,000",,,,
Mitchell Marsh,,All-Rounder,Sunrisers Hyderabad,2020,"2,00,00,000",,,,
Priyam Garg,,Batsman,Sunrisers Hyderabad,2020,"1,90,00,000",,,,
Virat Singh,,Batsman,Sunrisers Hyderabad,2020,"1,90,00,000",,,,
Fabian Allen,,All-Rounder,Sunrisers Hyderabad,2020,"50,00,000",,,,
Sandeep Bavanaka,,All-Rounder,Sunrisers Hyderabad,2020,"20,00,000",,,,
Sanjay Yadav,,All-Rounder,Sunrisers Hyderabad,2020,"20,00,000",,,,
Abdul Samad,,All-Rounder,Sunrisers Hyderabad,2020,"20,00,000",,,,
Krishnappa Gowtham,,All-Rounder,Chennai Super Kings,2021,"9,25,00,000",,,,
Moeen Ali,,All-Rounder,Chennai Super Kings,2021,"7,00,00,000",,,,
Cheteshwar Pujara,,Batsman,Chennai Super Kings,2021,"50,00,000",,,,
K.Bhagath Varma,,All-Rounder,Chennai Super Kings,2021,"20,00,000",,,,
C Hari Nishaanth,,Batsman,Chennai Super Kings,2021,"20,00,000",,,,
M. Harisankar Reddy,,Bowler,Chennai Super Kings,2021,"20,00,000",,,,
Tom Curran,,All-Rounder ,Delhi Capitals,2021,"5,25,00,000",,,,
Steven Smith,,Batsman ,Delhi Capitals,2021,"2,20,00,000",,,,
Sam Billings,,Wicket Keeper ,Delhi Capitals,2021,"2,00,00,000",,,,
Umesh Yadav,,Bowler ,Delhi Capitals,2021,"1,00,00,000",,,,
Ripal Patel,,All-Rounder ,Delhi Capitals,2021,"20,00,000",,,,
Vishnu Vinod,,Wicket Keeper ,Delhi Capitals,2021,"20,00,000",,,,
Lukman Hussain Meriwala,,Bowler ,Delhi Capitals,2021,"20,00,000",,,,
M Siddharth,,Bowler ,Delhi Capitals,2021,"20,00,000",,,,
Shakib Al Hasan,,All-Rounder ,Kolkata Knight Riders,2021,"3,20,00,000",,,,
Harbhajan Singh,,Bowler ,Kolkata Knight Riders,2021,"2,00,00,000",,,,
Ben Cutting,,All-Rounder ,Kolkata Knight Riders,2021,"75,00,000",,,,
Karun Nair,,Batsman ,Kolkata Knight Riders,2021,"50,00,000",,,,
Pawan Negi,,All-Rounder ,Kolkata Knight Riders,2021,"50,00,000",,,,
Venkatesh Iyer,,All-Rounder ,Kolkata Knight Riders,2021,"20,00,000",,,,
Sheldon Jackson,,Wicket Keeper ,Kolkata Knight Riders,2021,"20,00,000",,,,
Vaibhav Arora,,Bowler ,Kolkata Knight Riders,2021,"20,00,000",,,,
Nathan Coulter-Nile,,Bowler ,Mumbai Indians,2021,"5,00,00,000",,,,
Adam Milne,,Bowler ,Mumbai Indians,2021,"3,20,00,000",,,,
Piyush Chawla,,Bowler ,Mumbai Indians,2021,"2,40,00,000",,,,
James Neesham,,All-Rounder ,Mumbai Indians,2021,"50,00,000",,,,
Yudhvir Charak,,All-Rounder ,Mumbai Indians,2021,"20,00,000",,,,
Marco Jansen,,All-Rounder ,Mumbai Indians,2021,"20,00,000",,,,
Arjun Tendulkar,,All-Rounder ,Mumbai Indians,2021," 20,00,000",,,,
Jhye Richardson,,Bowler ,Punjab Kings,2021,"14,00,00,000",,,,
Riley Meredith,,Bowler ,Punjab Kings,2021,"8,00,00,000",,,,
Shahrukh Khan,,All-Rounder ,Punjab Kings,2021,"5,25,00,000",,,,
Moises Henriques,,All-Rounder ,Punjab Kings,2021,"4,20,00,000",,,,
Dawid Malan,,All-Rounder ,Punjab Kings,2021,"1,50,00,000",,,,
Fabian Allen,, All-Rounder ,Punjab Kings,2021,"75,00,000",,,,
Jalaj Saxena,,All-Rounder ,Punjab Kings,2021,"30,00,000",,,,
Saurabh Kumar,,All-Rounder ,Punjab Kings,2021,"20,00,000",,,,
Utkarsh Singh,,All-Rounder ,Punjab Kings,2021,"20,00,000",,,,
Christopher Morris,,All-Rounder ,Rajasthan Royals,2021,"16,25,00,000",,,,
Shivam Dube,,All-Rounder ,Rajasthan Royals,2021,"4,40,00,000",,,,
Chetan Sakariya,,Bowler ,Rajasthan Royals,2021,"1,20,00,000",,,,
Mustafizur Rahman,,Bowler ,Rajasthan Royals,2021,"1,00,00,000",,,,
Liam Livingstone,,All-Rounder ,Rajasthan Royals,2021,"75,00,000",,,,
K.C Cariappa,,Bowler ,Rajasthan Royals,2021,"20,00,000",,,,
Akash Singh,,Bowler,Rajasthan Royals,2021,"20,00,000",,,,
Kuldip Yadav,, Bowler ,Rajasthan Royals,2021," 20,00,000",,,,
Kyle Jamieson,,All-Rounder ,Royal Challengers Bengaluru,2021,"15,00,00,000",,,,
Glenn Maxwell,,All-Rounder ,Royal Challengers Bengaluru,2021,"14,25,00,000",,,,
Dan Christian,,All-Rounder ,Royal Challengers Bengaluru,2021,"4,80,00,000",,,,
Sachin Baby,,Batsman ,Royal Challengers Bengaluru,2021,"20,00,000",,,,
Rajat Patidar,,Batsman ,Royal Challengers Bengaluru,2021,"20,00,000",,,,
Mohammed Azharudeen,,Wicket Keeper ,Royal Challengers Bengaluru,2021,"20,00,000",,,,
Suyash Prabhudesai,,All-Rounder ,Royal Challengers Bengaluru,2021,"20,00,000",,,,
Kona Srikar Bharat,, Wicket Keeper,Royal Challengers Bengaluru,2021," 20,00,000",,,,
Kedar Jadhav,,All-Rounder ,Sunrisers Hyderabad,2021,"2,00,00,000",,,,
Mujeeb Zadran,,Bowler ,Sunrisers Hyderabad,2021,"1,50,00,000",,,,
J Suchith,,Bowler ,Sunrisers Hyderabad,2021,"30,00,000",,,,
Robin Uthappa,,Batsman ,Chennai Super Kings,2022,"2,00,00,000 ",Indian ,,,
Dwayne Bravo,,All-Rounder ,Chennai Super Kings,2022,"4,40,00,000 ",Overseas ,,,
Ambati Rayudu,,Wicket Keeper ,Chennai Super Kings,2022,"6,75,00,000 ",Indian ,,,
Deepak Chahar,,Bowler ,Chennai Super Kings,2022,"14,00,00,000 ",Indian ,,,
C.Hari Nishaanth,,Batsman ,Chennai Super Kings,2022,"20,00,000 ",Indian ,,,
N. Jagadeesan,,Wicket Keeper ,Chennai Super Kings,2022,"20,00,000 ",Indian ,,,
K.M. Asif,,Bowler ,Chennai Super Kings,2022,"20,00,000 ",Indian ,,,
Tushar Deshpande,,Bowler ,Chennai Super Kings,2022,"20,00,000 ",Indian ,,,
Shivam Dube,,All-Rounder ,Chennai Super Kings,2022,"4,00,00,000 ",Indian ,,,
Chris Jordan,,All-Rounder ,Chennai Super Kings,2022,"3,60,00,000 ",Overseas ,,,
Maheesh Theekshana,,Bowler ,Chennai Super Kings,2022,"70,00,000 ",Overseas ,,,
Rajvardhan Hangargekar,,All-Rounder ,Chennai Super Kings,2022,"1,50,00,000 ",Indian ,,,
Simarjeet Singh,,Bowler ,Chennai Super Kings,2022,"20,00,000 ",Indian ,,,
Devon Conway,,Batsman ,Chennai Super Kings,2022,"1,00,00,000 ",Overseas ,,,
Dwaine Pretorius,,All-Rounder ,Chennai Super Kings,2022,"50,00,000 ",Overseas ,,,
Mitchell Santner,,All-Rounder ,Chennai Super Kings,2022,"1,90,00,000 ",Overseas ,,,
Adam Milne,,Bowler ,Chennai Super Kings,2022,"1,90,00,000 ",Overseas ,,,
Subhranshu Senapati,,Batsman ,Chennai Super Kings,2022,"20,00,000 ",Indian ,,,
Mukesh Choudhary,,Bowler ,Chennai Super Kings,2022,"20,00,000 ",Indian ,,,
Prashant Solanki,,Bowler ,Chennai Super Kings,2022,"1,20,00,000 ",Indian ,,,
K.Bhagath Varma,,All-Rounder ,Chennai Super Kings,2022,"20,00,000 ",Indian ,,,
David Warner,,Batsman ,Delhi Capitals,2022,"6,25,00,000 ",Overseas ,,,
Mitchell Marsh,,All-Rounder ,Delhi Capitals,2022,"6,50,00,000 ",Overseas ,,,
Mustafizur Rahman,,Bowler ,Delhi Capitals,2022,"2,00,00,000 ",Overseas ,,,
Shardul Thakur,,Bowler ,Delhi Capitals,2022,"10,75,00,000 ",Indian ,,,
Kuldeep Yadav,,Bowler ,Delhi Capitals,2022,"2,00,00,000 ",Indian ,,,
Ashwin Hebbar,,Batsman ,Delhi Capitals,2022,"20,00,000 ",Indian ,,,
Sarfaraz Khan,,All-Rounder ,Delhi Capitals,2022,"20,00,000 ",Indian ,,,
Kamlesh Nagarkoti,,All-Rounder ,Delhi Capitals,2022,"1,10,00,000 ",Indian ,,,
K.S. Bharat,,Wicket Keeper ,Delhi Capitals,2022,"2,00,00,000 ",Indian ,,,
Mandeep Singh,,Batsman ,Delhi Capitals,2022,"1,10,00,000 ",Indian ,,,
Syed Khaleel Ahmed,,Bowler ,Delhi Capitals,2022,"5,25,00,000 ",Indian ,,,
Lungisani Ngidi,,Bowler ,Delhi Capitals,2022,"50,00,000 ",Overseas ,,,
Chetan Sakariya,,Bowler ,Delhi Capitals,2022,"4,20,00,000 ",Indian ,,,
Yash Dhull,,All-Rounder ,Delhi Capitals,2022,"50,00,000 ",Indian ,,,
Vicky Ostwal,,All-Rounder ,Delhi Capitals,2022,"20,00,000 ",Indian ,,,
Ripal Patel,,All-Rounder ,Delhi Capitals,2022,"20,00,000 ",Indian ,,,
Lalit Yadav,,All-Rounder ,Delhi Capitals,2022,"65,00,000 ",Indian ,,,
Rovman Powell,,Batsman ,Delhi Capitals,2022,"2,80,00,000 ",Overseas ,,,
Tim Seifert,,Wicket Keeper ,Delhi Capitals,2022,"50,00,000 ",Overseas ,,,
Pravin Dubey,,All-Rounder ,Delhi Capitals,2022,"50,00,000 ",Indian ,,,
Mohammad Shami,,Bowler ,Gujarat Titans,2022,"6,25,00,000 ",Indian ,,,
David Miller,,Batsman ,Gujarat Titans,2022,"3,00,00,000 ",Overseas ,,,
Jason Roy,,Batsman ,Gujarat Titans,2022,"2,00,00,000 ",Overseas ,,,
Wriddhiman  Saha,,Wicket Keeper ,Gujarat Titans,2022,"1,90,00,000 ",Indian ,,,
Matthew Wade,,Wicket Keeper ,Gujarat Titans,2022,"2,40,00,000 ",Overseas ,,,
Lockie Ferguson,,Bowler ,Gujarat Titans,2022,"10,00,00,000 ",Overseas ,,,
Abhinav Sadarangani,,Batsman ,Gujarat Titans,2022,"2,60,00,000 ",Indian ,,,
Rahul Tewatia,,All-Rounder ,Gujarat Titans,2022,"9,00,00,000 ",Indian ,,,
Noor  Ahmad,,Bowler ,Gujarat Titans,2022,"30,00,000 ",Overseas ,,,
R. Sai Kishore,,Bowler ,Gujarat Titans,2022,"3,00,00,000 ",Indian ,,,
Dominic Drakes,,All-Rounder ,Gujarat Titans,2022,"1,10,00,000 ",Overseas ,,,
Vijay Shankar,,All-Rounder ,Gujarat Titans,2022,"1,40,00,000 ",Indian ,,,
Jayant Yadav,,All-Rounder ,Gujarat Titans,2022,"1,70,00,000 ",Indian ,,,
Darshan Nalkande,,All-Rounder ,Gujarat Titans,2022,"20,00,000 ",Indian ,,,
Yash  Dayal,,Bowler ,Gujarat Titans,2022,"3,20,00,000 ",Indian ,,,
B. Sai Sudharsan,,All-Rounder ,Gujarat Titans,2022,"20,00,000 ",Indian ,,,
Gurkeerat Singh,,All-Rounder ,Gujarat Titans,2022,"50,00,000 ",Indian ,,,
Alzarri Joseph,,Bowler ,Gujarat Titans,2022,"2,40,00,000 ",Overseas ,,,
Varun Aaron,,Bowler ,Gujarat Titans,2022,"50,00,000 ",Indian ,,,
Pradeep Sangwan,,All-Rounder ,Gujarat Titans,2022,"20,00,000 ",Indian ,,,
Pat Cummins,,All-Rounder ,Kolkata Knight Riders,2022,"7,25,00,000 ",Overseas ,,,
Shreyas Iyer,,Batsman ,Kolkata Knight Riders,2022,"12,25,00,000 ",Indian ,,,
Mohammad  Nabi,,All-Rounder ,Kolkata Knight Riders,2022,"1,00,00,000 ",Overseas ,,,
Nitish Rana,,All-Rounder ,Kolkata Knight Riders,2022,"8,00,00,000 ",Indian ,,,
Sam Billings,,Wicket Keeper ,Kolkata Knight Riders,2022,"2,00,00,000 ",Overseas ,,,
Umesh Yadav,,Bowler ,Kolkata Knight Riders,2022,"2,00,00,000 ",Indian ,,,
Shivam  Mavi,,All-Rounder ,Kolkata Knight Riders,2022,"7,25,00,000 ",Indian ,,,
Sheldon Jackson,,Wicket Keeper ,Kolkata Knight Riders,2022,"60,00,000 ",Indian ,,,
Ajinkya Rahane,,Batsman ,Kolkata Knight Riders,2022,"1,00,00,000 ",Indian ,,,
Rinku Singh,,Batsman ,Kolkata Knight Riders,2022,"55,00,000 ",Indian ,,,
Anukul Roy,,All-Rounder ,Kolkata Knight Riders,2022,"20,00,000 ",Indian ,,,
Alex Hales,,Batsman ,Kolkata Knight Riders,2022,"1,50,00,000 ",Overseas ,,,
Rasikh Dar,,Bowler ,Kolkata Knight Riders,2022,"20,00,000 ",Indian ,,,
Tim Southee,,Bowler ,Kolkata Knight Riders,2022,"1,50,00,000 ",Overseas ,,,
Baba Indrajith,,Wicket Keeper ,Kolkata Knight Riders,2022,"20,00,000 ",Indian ,,,
Chamika Karunaratne,,All-Rounder ,Kolkata Knight Riders,2022,"50,00,000 ",Overseas ,,,
Abhijeet Tomar,,Batsman ,Kolkata Knight Riders,2022,"40,00,000 ",Indian ,,,
Aman Khan,,All-Rounder ,Kolkata Knight Riders,2022,"20,00,000 ",Indian ,,,
Ramesh Kumar,,Batsman ,Kolkata Knight Riders,2022,"20,00,000 ",Indian ,,,
Pratham Singh,,Batsman ,Kolkata Knight Riders,2022,"20,00,000 ",Indian ,,,
Ashok Sharma,,Bowler ,Kolkata Knight Riders,2022,"55,00,000 ",Indian ,,,
Quinton De Kock,,Wicket Keeper ,Lucknow Super Giants,2022,"6,75,00,000 ",Overseas ,,,
Manish Pandey,,Batsman ,Lucknow Super Giants,2022,"4,60,00,000 ",Indian ,,,
Krunal Pandya,,All-Rounder ,Lucknow Super Giants,2022,"8,25,00,000 ",Indian ,,,
Mark Wood,,Bowler ,Lucknow Super Giants,2022,"7,50,00,000 ",Overseas ,,,
Avesh Khan,,Bowler ,Lucknow Super Giants,2022,"10,00,00,000 ",Indian ,,,
Ankit Singh Rajpoot,,Bowler ,Lucknow Super Giants,2022,"50,00,000 ",Indian ,,,
K. Gowtham,,All-Rounder ,Lucknow Super Giants,2022,"90,00,000 ",Indian ,,,
Dushmanta Chameera,,Bowler ,Lucknow Super Giants,2022,"2,00,00,000 ",Overseas ,,,
Shahbaz Nadeem,,Bowler ,Lucknow Super Giants,2022,"50,00,000 ",Indian ,,,
Manan Vohra,,Batsman ,Lucknow Super Giants,2022,"20,00,000 ",Indian ,,,
Evin Lewis,,Batsman ,Lucknow Super Giants,2022,"2,00,00,000 ",Overseas ,,,
Mohsin Khan,,Bowler ,Lucknow Super Giants,2022,"20,00,000 ",Indian ,,,
Mayank Yadav,,Bowler ,Lucknow Super Giants,2022,"20,00,000 ",Indian ,,,
Ayush Badoni,,All-Rounder ,Lucknow Super Giants,2022,"20,00,000 ",Indian ,,,
Kyle Mayers,,All-Rounder ,Lucknow Super Giants,2022,"50,00,000 ",Overseas ,,,
Karan Sharma,,All-Rounder ,Lucknow Super Giants,2022,"20,00,000 ",Indian ,,,
Jason Holder,,All-Rounder ,Lucknow Super Giants,2022,"8,75,00,000 ",Overseas ,,,
Deepak Hooda,,All-Rounder ,Lucknow Super Giants,2022,"5,75,00,000 ",Indian ,,,
Ishan Kishan,,Wicket Keeper ,Mumbai Indians,2022,"15,25,00,000 ",Indian ,,,
Dewald Brevis,,Batsman ,Mumbai Indians,2022,"3,00,00,000 ",Overseas ,,,
Anmolpreet Singh,,Batsman ,Mumbai Indians,2022,"20,00,000 ",Indian ,,,
Basil Thampi,,Bowler ,Mumbai Indians,2022,"30,00,000 ",Indian ,,,
Murugan Ashwin,,Bowler ,Mumbai Indians,2022,"1,60,00,000 ",Indian ,,,
Jaydev Unadkat,,Bowler ,Mumbai Indians,2022,"1,30,00,000 ",Indian ,,,
Mayank Markande,,Bowler ,Mumbai Indians,2022,"65,00,000 ",Indian ,,,
N. Tilak Varma,,All-Rounder ,Mumbai Indians,2022,"1,70,00,000 ",Indian ,,,
Sanjay Yadav,,All-Rounder ,Mumbai Indians,2022,"50,00,000 ",Indian ,,,
Jofra Archer,,All-Rounder ,Mumbai Indians,2022,"8,00,00,000 ",Overseas ,,,
Daniel Sams,,All-Rounder ,Mumbai Indians,2022,"2,60,00,000 ",Overseas ,,,
Tymal Mills,,Bowler ,Mumbai Indians,2022,"1,50,00,000 ",Overseas ,,,
Tim David,,All-Rounder ,Mumbai Indians,2022,"8,25,00,000 ",Overseas ,,,
Ramandeep  Singh,,All-Rounder ,Mumbai Indians,2022,"20,00,000 ",Indian ,,,
Aryan Juyal,,Wicket Keeper ,Mumbai Indians,2022,"20,00,000 ",Indian ,,,
Fabian Allen,,All-Rounder ,Mumbai Indians,2022,"75,00,000 ",Overseas ,,,
Riley Meredith,,Bowler ,Mumbai Indians,2022,"1,00,00,000 ",Overseas ,,,
Rahul Buddhi,,Batsman ,Mumbai Indians,2022,"20,00,000 ",Indian ,,,
Hrithik Shokeen,,All-Rounder ,Mumbai Indians,2022,"20,00,000 ",Indian ,,,
Mohd. Arshad Khan,,All-Rounder ,Mumbai Indians,2022,"20,00,000 ",Indian ,,,
Arjun  Tendulkar,,All-Rounder ,Mumbai Indians,2022,"30,00,000 ",Indian ,,,
Shikhar Dhawan,,Batsman ,Punjab Kings,2022,"8,25,00,000 ",Indian ,,,
Kagiso Rabada,,Bowler ,Punjab Kings,2022,"9,25,00,000 ",Overseas ,,,
Jonny Bairstow,,Wicket Keeper ,Punjab Kings,2022,"6,75,00,000 ",Overseas ,,,
Rahul Chahar,,Bowler ,Punjab Kings,2022,"5,25,00,000 ",Indian ,,,
Harpreet  Brar,,All-Rounder ,Punjab Kings,2022,"3,80,00,000 ",Indian ,,,
Shahrukh Khan,,All-Rounder ,Punjab Kings,2022,"9,00,00,000 ",Indian ,,,
Jitesh Sharma,,Wicket Keeper ,Punjab Kings,2022,"20,00,000 ",Indian ,,,
Prabhsimran Singh,,Wicket Keeper ,Punjab Kings,2022,"60,00,000 ",Indian ,,,
Ishan Porel,,Bowler ,Punjab Kings,2022,"25,00,000 ",Indian ,,,
Liam Livingstone,,All-Rounder ,Punjab Kings,2022,"11,50,00,000 ",Overseas ,,,
Odean Smith,,All-Rounder ,Punjab Kings,2022,"6,00,00,000 ",Overseas ,,,
Sandeep Sharma,,Bowler ,Punjab Kings,2022,"50,00,000 ",Indian ,,,
Raj Angad Bawa,,All-Rounder ,Punjab Kings,2022,"2,00,00,000 ",Indian ,,,
Rishi Dhawan,,All-Rounder ,Punjab Kings,2022,"55,00,000 ",Indian ,,,
Nathan Ellis,,Bowler ,Punjab Kings,2022,"75,00,000 ",Overseas ,,,
Prerak Mankad,,All-Rounder ,Punjab Kings,2022,"20,00,000 ",Indian ,,,
Atharva Taide,,All-Rounder ,Punjab Kings,2022,"20,00,000 ",Indian ,,,
Vaibhav Arora,,Bowler ,Punjab Kings,2022,"2,00,00,000 ",Indian ,,,
Bhanuka Rajapaksa,,Batsman ,Punjab Kings,2022,"50,00,000 ",Overseas ,,,
Benny Howell,,All-Rounder ,Punjab Kings,2022,"40,00,000 ",Overseas ,,,
Writtick Chatterjee,,All-Rounder ,Punjab Kings,2022,"20,00,000 ",Indian ,,,
Baltej Dhanda,,Bowler ,Punjab Kings,2022,"20,00,000 ",Indian ,,,
Ansh Patel,,All-Rounder ,Punjab Kings,2022,"20,00,000 ",Indian ,,,
R. Ashwin,,All-Rounder ,Rajasthan Royals,2022,"5,00,00,000 ",Indian ,,,
Trent Boult,,Bowler ,Rajasthan Royals,2022,"8,00,00,000 ",Overseas ,,,
Shimron Hetmyer,,Batsman ,Rajasthan Royals,2022,"8,50,00,000 ",Overseas ,,,
Devdutt Padikkal,,Batsman ,Rajasthan Royals,2022,"7,75,00,000 ",Indian ,,,
Prasidh Krishna,,Bowler ,Rajasthan Royals,2022,"10,00,00,000 ",Indian ,,,
Yuzvendra Chahal,,Bowler ,Rajasthan Royals,2022,"6,50,00,000 ",Indian ,,,
Riyan Parag,,All-Rounder ,Rajasthan Royals,2022,"3,80,00,000 ",Indian ,,,
K.C Cariappa,,Bowler ,Rajasthan Royals,2022,"30,00,000 ",Indian ,,,
James Neesham,,All-Rounder ,Rajasthan Royals,2022,"1,50,00,000 ",Overseas ,,,
Nathan Coulter-Nile,,Bowler ,Rajasthan Royals,2022,"2,00,00,000 ",Overseas ,,,
Navdeep Saini,,Bowler ,Rajasthan Royals,2022,"2,60,00,000 ",Indian ,,,
Kuldeep  Sen,,Bowler ,Rajasthan Royals,2022,"20,00,000 ",Indian ,,,
Karun Nair,,Batsman ,Rajasthan Royals,2022,"1,40,00,000 ",Indian ,,,
Rassie Van Der Dussen,,Batsman ,Rajasthan Royals,2022,"1,00,00,000 ",Overseas ,,,
Daryl Mitchell,,All-Rounder ,Rajasthan Royals,2022,"75,00,000 ",Overseas ,,,
Obed Mccoy,,Bowler ,Rajasthan Royals,2022,"75,00,000 ",Overseas ,,,
Dhruv Jurel,,Wicket Keeper ,Rajasthan Royals,2022,"20,00,000 ",Indian ,,,
Tejas Baroka,,Bowler ,Rajasthan Royals,2022,"20,00,000 ",Indian ,,,
Kuldip Yadav,,Bowler ,Rajasthan Royals,2022,"20,00,000 ",Indian ,,,
Shubham Garhwal,,All-Rounder ,Rajasthan Royals,2022,"20,00,000 ",Indian ,,,
Anunay Singh,,All-Rounder ,Rajasthan Royals,2022,"20,00,000 ",Indian ,,,
Faf Du Plessis,,Batsman ,Royal Challengers Bangalore,2022,"7,00,00,000 ",Overseas ,,,
Wanindu Hasaranga,,All-Rounder ,Royal Challengers Bangalore,2022,"10,75,00,000 ",Overseas ,,,
Harshal Patel,,All-Rounder ,Royal Challengers Bangalore,2022,"10,75,00,000 ",Indian ,,,
Dinesh  Karthik,,Wicket Keeper ,Royal Challengers Bangalore,2022,"5,50,00,000 ",Indian ,,,
Josh Hazlewood,,Bowler ,Royal Challengers Bangalore,2022,"7,75,00,000 ",Overseas ,,,
Shahbaz Ahamad,,All-Rounder ,Royal Challengers Bangalore,2022,"2,40,00,000 ",Indian ,,,
Anuj Rawat,,Wicket Keeper ,Royal Challengers Bangalore,2022,"3,40,00,000 ",Indian ,,,
Akash  Deep,,Bowler ,Royal Challengers Bangalore,2022,"20,00,000 ",Indian ,,,
Karn Sharma,,Bowler ,Royal Challengers Bangalore,2022,"50,00,000 ",Indian ,,,
Mahipal Lomror,,All-Rounder ,Royal Challengers Bangalore,2022,"95,00,000 ",Indian ,,,
Finn Allen,,Batsman ,Royal Challengers Bangalore,2022,"80,00,000 ",Overseas ,,,
Sherfane Rutherford,,All-Rounder ,Royal Challengers Bangalore,2022,"1,00,00,000 ",Overseas ,,,
Jason Behrendorff,,Bowler ,Royal Challengers Bangalore,2022,"75,00,000 ",Overseas ,,,
Siddharth  Kaul,,Bowler ,Royal Challengers Bangalore,2022,"75,00,000 ",Indian ,,,
Suyash Prabhudessai,,All-Rounder ,Royal Challengers Bangalore,2022,"30,00,000 ",Indian ,,,
Luvnith Sisodia,,Wicket Keeper ,Royal Challengers Bangalore,2022,"20,00,000 ",Indian ,,,
Chama Milind,,Bowler ,Royal Challengers Bangalore,2022,"25,00,000 ",Indian ,,,
Aneeshwar Gautam,,All-Rounder ,Royal Challengers Bangalore,2022,"20,00,000 ",Indian ,,,
David Willey,,All-Rounder ,Royal Challengers Bangalore,2022,"2,00,00,000 ",Overseas ,,,
Washington Sundar,,All-Rounder ,Sunrisers Hyderabad,2022,"8,75,00,000 ",Indian ,,,
Nicholas Pooran,,Wicket Keeper ,Sunrisers Hyderabad,2022,"10,75,00,000 ",Overseas ,,,
Bhuvneshwar Kumar,,Bowler ,Sunrisers Hyderabad,2022,"4,20,00,000 ",Indian ,,,
T. Natarajan,,Bowler ,Sunrisers Hyderabad,2022,"4,00,00,000 ",Indian ,,,
Priyam  Garg,,Batsman ,Sunrisers Hyderabad,2022,"20,00,000 ",Indian ,,,
Rahul Tripathi,,Batsman ,Sunrisers Hyderabad,2022,"8,50,00,000 ",Indian ,,,
Abhishek Sharma,,All-Rounder ,Sunrisers Hyderabad,2022,"6,50,00,000 ",Indian ,,,
Vishnu Vinod,,Wicket Keeper ,Sunrisers Hyderabad,2022,"50,00,000 ",Indian ,,,
Kartik Tyagi,,Bowler ,Sunrisers Hyderabad,2022,"4,00,00,000 ",Indian ,,,
Shreyas Gopal,,Bowler ,Sunrisers Hyderabad,2022,"75,00,000 ",Indian ,,,
Jagadeesha Suchith,,Bowler ,Sunrisers Hyderabad,2022,"20,00,000 ",Indian ,,,
Aiden Markram,,Batsman ,Sunrisers Hyderabad,2022,"2,60,00,000 ",Overseas ,,,
Marco Jansen,,All-Rounder ,Sunrisers Hyderabad,2022,"4,20,00,000 ",Overseas ,,,
Romario Shepherd,,All-Rounder ,Sunrisers Hyderabad,2022,"7,75,00,000 ",Overseas ,,,
Glenn Phillips,,Wicket Keeper ,Sunrisers Hyderabad,2022,"1,50,00,000 ",Overseas ,,,
Fazalhaq Farooqi,,Bowler ,Sunrisers Hyderabad,2022,"50,00,000 ",Overseas ,,,
Sean Abbott,,Bowler ,Sunrisers Hyderabad,2022,"2,40,00,000 ",Overseas ,,,
R Samarth,,Batsman ,Sunrisers Hyderabad,2022,"20,00,000 ",Indian ,,,
Shashank Singh,,All-Rounder ,Sunrisers Hyderabad,2022,"20,00,000 ",Indian ,,,
Saurabh Dubey,,Bowler ,Sunrisers Hyderabad,2022,"20,00,000 ",Indian ,,,
Ajinkya Rahane,,Batter ,Chennai Super Kings,2023,"50,00,000 ",Indian ,,,
Bhagath Varma,,All-Rounder ,Chennai Super Kings,2023,"20,00,000 ",Indian ,,,
Kyle Jamieson,,Bowler ,Chennai Super Kings,2023,"1,00,00,000 ",Overseas ,,,
Ajay Mandal,,All-Rounder ,Chennai Super Kings,2023,"20,00,000 ",Indian ,,,
Nishant Sindhu,,All-Rounder ,Chennai Super Kings,2023,"60,00,000 ",Indian ,,,
Shaik Rasheed,,Batter ,Chennai Super Kings,2023,"20,00,000 ",Indian ,,,
Ben Stokes,,All-Rounder ,Chennai Super Kings,2023,"16,25,00,000 ",Overseas ,,,
Phil Salt,,Wicket-Keeper ,Delhi Capitals,2023,"2,00,00,000 ",Overseas ,,,
Ishant Sharma,,Bowler ,Delhi Capitals,2023,"50,00,000 ",Indian ,,,
Rilee Rossouw,,Batter ,Delhi Capitals,2023,"4,60,00,000 ",Overseas ,,,
Manish Pandey,,Batter ,Delhi Capitals,2023,"2,40,00,000 ",Indian ,,,
Mukesh Kumar,,Bowler ,Delhi Capitals,2023,"5,50,00,000 ",Indian ,,,
Shivam Mavi,,Bowler ,Gujarat Titans,2023,"6,00,00,000 ",Indian ,,,
K.S. Bharat,,Wicket-Keeper ,Gujarat Titans,2023,"1,20,00,000 ",Indian ,,,
Urvil Patel,,Wicket-Keeper ,Gujarat Titans,2023,"20,00,000 ",Indian ,,,
Mohit Sharma,,Bowler ,Gujarat Titans,2023,"50,00,000 ",Indian ,,,
Joshua Little,,Bowler ,Gujarat Titans,2023,"4,40,00,000 ",Overseas ,,,
Kane Williamson,,Batter ,Gujarat Titans,2023,"2,00,00,000 ",Overseas ,,,
Odean Smith,,All-Rounder ,Gujarat Titans,2023,"50,00,000 ",Overseas ,,,
Kulwant Khejroliya,,Bowler ,Kolkata Knight Riders,2023,"20,00,000 ",Indian ,,,
Shakib Al Hasan,,All-Rounder ,Kolkata Knight Riders,2023,"1,50,00,000 ",Overseas ,,,
Vaibhav Arora,,Bowler ,Kolkata Knight Riders,2023,"60,00,000 ",Indian ,,,
N. Jagadeesan,,Wicket-Keeper ,Kolkata Knight Riders,2023,"90,00,000 ",Indian ,,,
David Wiese,,All-Rounder ,Kolkata Knight Riders,2023,"1,00,00,000 ",Overseas ,,,
Mandeep Singh,,Batter ,Kolkata Knight Riders,2023,"50,00,000 ",Indian ,,,
Litton Das,,Wicket-Keeper ,Kolkata Knight Riders,2023,"50,00,000 ",Overseas ,,,
Suyash Sharma,,Bowler ,Kolkata Knight Riders,2023,"20,00,000 ",Indian ,,,
Amit Mishra,,Bowler ,Lucknow Super Giants,2023,"50,00,000 ",Indian ,,,
Nicholas Pooran,,Wicket-Keeper ,Lucknow Super Giants,2023,"16,00,00,000 ",Overseas ,,,
Romario Shepherd,,All-Rounder ,Lucknow Super Giants,2023,"50,00,000 ",Overseas ,,,
Daniel Sams,,All-Rounder ,Lucknow Super Giants,2023,"75,00,000 ",Overseas ,,,
Swapnil Singh,,All-Rounder ,Lucknow Super Giants,2023,"20,00,000 ",Indian ,,,
Yudhvir Charak,,All-Rounder ,Lucknow Super Giants,2023,"20,00,000 ",Indian ,,,
Prerak Mankad,,All-Rounder ,Lucknow Super Giants,2023,"20,00,000 ",Indian ,,,
Yash Thakur,,Bowler ,Lucknow Super Giants,2023,"45,00,000 ",Indian ,,,
Naveen Ul Haq,,Bowler ,Lucknow Super Giants,2023,"50,00,000 ",Overseas ,,,
Jaydev Unadkat,,Bowler ,Lucknow Super Giants,2023,"50,00,000 ",Indian ,,,
Jhye Richardson,,Bowler ,Mumbai Indians,2023,"1,50,00,000 ",Overseas ,,,
Nehal Wadhera,,All-Rounder ,Mumbai Indians,2023,"20,00,000 ",Indian ,,,
Raghav Goyal,,Bowler ,Mumbai Indians,2023,"20,00,000 ",Indian ,,,
Cameron Green,,All-Rounder ,Mumbai Indians,2023,"17,50,00,000 ",Overseas ,,,
Vishnu Vinod,,Wicket-Keeper ,Mumbai Indians,2023,"20,00,000 ",Indian ,,,
Duan Jansen,,All-Rounder ,Mumbai Indians,2023,"20,00,000 ",Overseas ,,,
Piyush Chawla,,Bowler ,Mumbai Indians,2023,"50,00,000 ",Indian ,,,
Shams Mulani,,All-Rounder ,Mumbai Indians,2023,"20,00,000 ",Indian ,,,
Harpreet Bhatia,,Batter ,Punjab Kings,2023,"40,00,000 ",Indian ,,,
Shivam Singh,,All-Rounder ,Punjab Kings,2023,"20,00,000 ",Indian ,,,
Vidwath Kaverappa,,Bowler ,Punjab Kings,2023,"20,00,000 ",Indian ,,,
Mohit Rathee,,All-Rounder ,Punjab Kings,2023,"20,00,000 ",Indian ,,,
Sam Curran,,All-Rounder ,Punjab Kings,2023,"18,50,00,000 ",Overseas ,,,
Sikandar Raza,,All-Rounder ,Punjab Kings,2023,"50,00,000 ",Overseas ,,,
Jason Holder,,All-Rounder ,Rajasthan Royals,2023,"5,75,00,000 ",Overseas ,,,
Adam Zampa,,Bowler ,Rajasthan Royals,2023,"1,50,00,000 ",Overseas ,,,
Abdul P A,,All-Rounder ,Rajasthan Royals,2023,"20,00,000 ",Indian ,,,
Akash Vashisht,,All-Rounder ,Rajasthan Royals,2023,"20,00,000 ",Indian ,,,
Donovan Ferreira,,Wicket-Keeper ,Rajasthan Royals,2023,"50,00,000 ",Overseas ,,,
Kunal Rathore,,Wicket-Keeper ,Rajasthan Royals,2023,"20,00,000 ",Indian ,,,
Joe Root,,Batter ,Rajasthan Royals,2023,"1,00,00,000 ",Overseas ,,,
Murugan Ashwin,,Bowler ,Rajasthan Royals,2023,"20,00,000 ",Indian ,,,
K.M. Asif,,Bowler ,Rajasthan Royals,2023,"30,00,000 ",Indian ,,,
Sonu Yadav,,All-Rounder ,Royal Challengers Bangalore,2023,"20,00,000 ",Indian ,,,
Himanshu Sharma,,Bowler ,Royal Challengers Bangalore,2023,"20,00,000 ",Indian ,,,
Avinash Singh,,Bowler ,Royal Challengers Bangalore,2023,"60,00,000 ",Indian ,,,
Manoj Bhandage,,All-Rounder ,Royal Challengers Bangalore,2023,"20,00,000 ",Indian ,,,
Will Jacks,,Batter ,Royal Challengers Bangalore,2023,"3,20,00,000 ",Overseas ,,,
Reece Topley,,Bowler ,Royal Challengers Bangalore,2023,"1,90,00,000 ",Overseas ,,,
Rajan Kumar,,Bowler ,Royal Challengers Bangalore,2023,"70,00,000 ",Indian ,,,
Sanvir Singh,,All-Rounder ,Sunrisers Hyderabad,2023,"20,00,000 ",Indian ,,,
Harry Brook,,Batter ,Sunrisers Hyderabad,2023,"13,25,00,000 ",Overseas ,,,
Heinrich Klaasen,,Wicket-Keeper ,Sunrisers Hyderabad,2023,"5,25,00,000 ",Overseas ,,,
Akeal Hosein,,Bowler ,Sunrisers Hyderabad,2023,"1,00,00,000 ",Overseas ,,,
Mayank Markande,,Bowler ,Sunrisers Hyderabad,2023,"50,00,000 ",Indian ,,,
Adil Rashid,,Bowler ,Sunrisers Hyderabad,2023,"2,00,00,000 ",Overseas ,,,
Anmolpreet Singh,,Batter ,Sunrisers Hyderabad,2023,"20,00,000 ",Indian ,,,
Vivrant Sharma,,All-Rounder ,Sunrisers Hyderabad,2023,"2,60,00,000 ",Indian ,,,
Samarth Vyas,,All-Rounder ,Sunrisers Hyderabad,2023,"20,00,000 ",Indian ,,,
Upendra Singh Yadav,,Wicket-Keeper ,Sunrisers Hyderabad,2023,"25,00,000 ",Indian ,,,
Nitish Kumar Reddy,,Wicket-Keeper ,Sunrisers Hyderabad,2023,"20,00,000 ",Indian ,,,
Mayank Agarwal,,Batter ,Sunrisers Hyderabad,2023,"8,25,00,000 ",Indian ,,,
Mayank Dagar,,All-Rounder ,Sunrisers Hyderabad,2023,"1,80,00,000 ",Indian ,,,
Avanish Rao Aravelly,,Wicket-Keeper ,Chennai Super Kings,2024,"20,00,000 ",Indian ,,,
Mustafizur Rahman,,Bowler ,Chennai Super Kings,2024,"2,00,00,000 ",Overseas ,,,
Daryl Mitchell,,All-Rounder ,Chennai Super Kings,2024,"14,00,00,000 ",Overseas ,,,
Sameer Rizvi,,Batter ,Chennai Super Kings,2024,"8,40,00,000 ",Indian ,,,
Rachin Ravindra,,All-Rounder ,Chennai Super Kings,2024,"1,80,00,000 ",Overseas ,,,
Shardul Thakur,,All-Rounder ,Chennai Super Kings,2024,"4,00,00,000 ",Indian ,,,
Ricky Bhui,,Wicket-Keeper ,Delhi Capitals,2024,"20,00,000 ",Indian ,,,
Sumit Kumar,,All-Rounder ,Delhi Capitals,2024,"1,00,00,000 ",Indian ,,,
Swastik Chhikara,,Batter ,Delhi Capitals,2024,"20,00,000 ",Indian ,,,
Jhye Richardson,,Bowler ,Delhi Capitals,2024,"5,00,00,000 ",Overseas ,,,
Shai Hope,,Wicket-Keeper ,Delhi Capitals,2024,"75,00,000 ",Overseas ,,,
Rasikh Dar,,Bowler ,Delhi Capitals,2024,"20,00,000 ",Indian ,,,
Kumar Kushagra,,Wicket-Keeper ,Delhi Capitals,2024,"7,20,00,000 ",Indian ,,,
Tristan Stubbs,,Wicket-Keeper ,Delhi Capitals,2024,"50,00,000 ",Overseas ,,,
Harry Brook,,Batter ,Delhi Capitals,2024,"4,00,00,000 ",Overseas ,,,
Kartik Tyagi,,Bowler ,Gujarat Titans,2024,"60,00,000 ",Indian ,,,
Spencer Johnson,,Bowler ,Gujarat Titans,2024,"10,00,00,000 ",Overseas ,,,
Manav Suthar,,Bowler ,Gujarat Titans,2024,"20,00,000 ",Indian ,,,
Robin Minz,,Wicket-Keeper ,Gujarat Titans,2024,"3,60,00,000 ",Indian ,,,
Sushant Mishra,,Bowler ,Gujarat Titans,2024,"2,20,00,000 ",Indian ,,,
Azmatullah Omarzai,,All-Rounder ,Gujarat Titans,2024,"50,00,000 ",Overseas ,,,
Shahrukh Khan,,All-Rounder ,Gujarat Titans,2024,"7,40,00,000 ",Indian ,,,
Umesh Yadav,,Bowler ,Gujarat Titans,2024,"5,80,00,000 ",Indian ,,,
Mujeeb Rahman,,Bowler ,Kolkata Knight Riders,2024,"2,00,00,000 ",Overseas ,,,
Manish Pandey,,Batter ,Kolkata Knight Riders,2024,"50,00,000 ",Indian ,,,
Gus Atkinson,,Bowler ,Kolkata Knight Riders,2024,"1,00,00,000 ",Overseas ,,,
Angkrish Raghuvanshi,,Batter ,Kolkata Knight Riders,2024,"20,00,000 ",Indian ,,,
Mitchell  Starc,,Bowler ,Kolkata Knight Riders,2024,"24,75,00,000 ",Overseas ,,,
Sherfane Rutherford,,Batter ,Kolkata Knight Riders,2024,"1,50,00,000 ",Overseas ,,,
Ramandeep  Singh,,All-Rounder ,Kolkata Knight Riders,2024,"20,00,000 ",Indian ,,,
K.S. Bharat,,Wicket-Keeper ,Kolkata Knight Riders,2024,"50,00,000 ",Indian ,,,
Chetan Sakariya,,Bowler ,Kolkata Knight Riders,2024,"50,00,000 ",Indian ,,,
Sakib Hussain,,Bowler ,Kolkata Knight Riders,2024,"20,00,000 ",Indian ,,,
Ashton Turner,,Batter ,Lucknow Super Giants,2024,"1,00,00,000 ",Overseas ,,,
David Willey,,All-Rounder ,Lucknow Super Giants,2024,"2,00,00,000 ",Overseas ,,,
M. Siddharth,,Bowler ,Lucknow Super Giants,2024,"2,40,00,000 ",Indian ,,,
Shivam  Mavi,,Bowler ,Lucknow Super Giants,2024,"6,40,00,000 ",Indian ,,,
Arshin Kulkarni,,All-Rounder ,Lucknow Super Giants,2024,"20,00,000 ",Indian ,,,
Mohd. Arshad Khan,,All-Rounder ,Lucknow Super Giants,2024,"20,00,000 ",Indian ,,,
Dilshan Madushanka,,Bowler ,Mumbai Indians,2024,"4,60,00,000 ",Overseas ,,,
Shreyas Gopal,,Bowler ,Mumbai Indians,2024,"20,00,000 ",Indian ,,,
Shivalik Sharma,,All-Rounder ,Mumbai Indians,2024,"20,00,000 ",Indian ,,,
Anshul Kamboj,,All-Rounder ,Mumbai Indians,2024,"20,00,000 ",Indian ,,,
Mohammad Nabi,,All-Rounder ,Mumbai Indians,2024,"1,50,00,000 ",Overseas ,,,
Naman Dhir,,All-Rounder ,Mumbai Indians,2024,"20,00,000 ",Indian ,,,
Nuwan Thushara,,Bowler ,Mumbai Indians,2024,"4,80,00,000 ",Overseas ,,,
Gerald Coetzee,,All-Rounder ,Mumbai Indians,2024,"5,00,00,000 ",Overseas ,,,
Chris Woakes,,All-Rounder ,Punjab Kings,2024,"4,20,00,000 ",Overseas ,,,
Tanay Thyagarajann,,All-Rounder ,Punjab Kings,2024,"20,00,000 ",Indian ,,,
Vishwanath Pratap Singh,,All-Rounder ,Punjab Kings,2024,"20,00,000 ",Indian ,,,
Ashutosh Sharma,,All-Rounder ,Punjab Kings,2024,"20,00,000 ",Indian ,,,
Shashank  Singh,,Batter ,Punjab Kings,2024,"20,00,000 ",Indian ,,,
Rilee Rossouw,,Batter ,Punjab Kings,2024,"8,00,00,000 ",Overseas ,,,
Prince Choudhary,,Bowler ,Punjab Kings,2024,"20,00,000 ",Indian ,,,
Harshal Patel,,All-Rounder ,Punjab Kings,2024,"11,75,00,000 ",Indian ,,,
Shubham Dubey,,Batter ,Rajasthan Royals,2024,"5,80,00,000 ",Indian ,,,
Rovman Powell,,Batter ,Rajasthan Royals,2024,"7,40,00,000 ",Overseas ,,,
Abid Mushtaq,,All-Rounder ,Rajasthan Royals,2024,"20,00,000 ",Indian ,,,
Nandre Burger,,Bowler ,Rajasthan Royals,2024,"50,00,000 ",Overseas ,,,
Tom Kohler-Cadmore,,Wicket-Keeper ,Rajasthan Royals,2024,"40,00,000 ",Overseas ,,,
Lockie Ferguson,,Bowler ,Royal Challengers Bengaluru,2024,"2,00,00,000 ",Overseas ,,,
Tom Curran,,All-Rounder ,Royal Challengers Bengaluru,2024,"1,50,00,000 ",Overseas ,,,
Saurav Chuahan,,Batter ,Royal Challengers Bengaluru,2024,"20,00,000 ",Indian ,,,
Alzarri Joseph,,Bowler ,Royal Challengers Bengaluru,2024,"11,50,00,000 ",Overseas ,,,
Swapnil Singh,,All-Rounder ,Royal Challengers Bengaluru,2024,"20,00,000 ",Indian ,,,
Yash  Dayal,,Bowler ,Royal Challengers Bengaluru,2024,"5,00,00,000 ",Indian ,,,
Jhathavedh Subramanyan,,Bowler ,Sunrisers Hyderabad,2024,"20,00,000 ",Indian ,,,
Akash Singh,,Bowler ,Sunrisers Hyderabad,2024,"20,00,000 ",Indian ,,,
Jaydev Unadkat,,Bowler ,Sunrisers Hyderabad,2024,"1,60,00,000 ",Indian ,,,
Wanindu Hasaranga,,All-Rounder ,Sunrisers Hyderabad,2024,"1,50,00,000 ",Overseas ,,,
Pat Cummins,,All-Rounder ,Sunrisers Hyderabad,2024,"20,50,00,000 ",Overseas ,,,
Travis Head,,Batter ,Sunrisers Hyderabad,2024,"6,80,00,000 ",Overseas ,,,
Noor Ahmad,,,Chennai Super Kings,2025,,Overseas,"2,00,00,000 ","10,00,00,000 ",Capped
Ravichandaran Ashwin,,,Chennai Super Kings,2025,,Indian,"2,00,00,000 ","9,75,00,000 ",Capped
Devon Conway,,,Chennai Super Kings,2025,,Overseas,"2,00,00,000 ","6,25,00,000 ",Capped
Syed Khaleel Ahmed,,,Chennai Super Kings,2025,,Indian,"2,00,00,000 ","4,80,00,000 ",Capped
Rachin Ravindra,,,Chennai Super Kings,2025,,Overseas,"1,50,00,000 ","4,00,00,000 ",Capped
Anshul Kamboj,,,Chennai Super Kings,2025,,Indian,"30,00,000 ","3,40,00,000 ",Uncapped
Rahul Tripathi,,,Chennai Super Kings,2025,,Indian,"75,00,000 ","3,40,00,000 ",Capped
Sam Curran,,,Chennai Super Kings,2025,,Overseas,"2,00,00,000 ","2,40,00,000 ",Capped
Gurjapneet Singh,,,Chennai Super Kings,2025,,Indian,"30,00,000 ","2,20,00,000 ",Uncapped
Nathan Ellis,,,Chennai Super Kings,2025,,Overseas,"1,25,00,000 ","2,00,00,000 ",Capped
Deepak Hooda,,,Chennai Super Kings,2025,,Indian,"75,00,000 ","1,70,00,000 ",Capped
Jamie Overton,,,Chennai Super Kings,2025,,Overseas,"1,50,00,000 ","1,50,00,000 ",Capped
Vijay Shankar,,,Chennai Super Kings,2025,,Indian,"30,00,000 ","1,20,00,000 ",Uncapped
Vansh Bedi,,,Chennai Super Kings,2025,,Indian,"30,00,000 ","55,00,000 ",Uncapped
Andre Siddarth,,,Chennai Super Kings,2025,,Indian,"30,00,000 ","30,00,000 ",Uncapped
Shreyas Gopal,,,Chennai Super Kings,2025,,Indian,"30,00,000 ","30,00,000 ",Uncapped
Ramakrishna Ghosh,,,Chennai Super Kings,2025,,Indian,"30,00,000 ","30,00,000 ",Uncapped
Kamlesh Nagarkoti,,,Chennai Super Kings,2025,,Indian,"30,00,000 ","30,00,000 ",Uncapped
Mukesh Choudhary,,,Chennai Super Kings,2025,,Indian,"30,00,000 ","30,00,000 ",Uncapped
Shaik Rasheed,,,Chennai Super Kings,2025,,Indian,"30,00,000 ","30,00,000 ",Uncapped
KL Rahul,,,Delhi Capitals,2025,,Indian,"2,00,00,000 ","14,00,00,000 ",Capped
Mitchell Starc,,,Delhi Capitals,2025,,Overseas,"2,00,00,000 ","11,75,00,000 ",Capped
T. Natarajan,,,Delhi Capitals,2025,,Indian,"2,00,00,000 ","10,75,00,000 ",Capped
Jake Fraser-Mcgurk,,,Delhi Capitals,2025,,Overseas,"2,00,00,000 ","9,00,00,000 ",Capped
Mukesh Kumar,,,Delhi Capitals,2025,,Overseas,"2,00,00,000 ","8,00,00,000 ",Capped
Harry Brook,,,Delhi Capitals,2025,,Overseas,"2,00,00,000 ","6,25,00,000 ",Capped
Ashutosh Sharma,,,Delhi Capitals,2025,,Indian,"30,00,000 ","3,80,00,000 ",Uncapped
Mohit Sharma,,,Delhi Capitals,2025,,Indian,"50,00,000 ","2,20,00,000 ",Uncapped
Faf Du Plessis,,,Delhi Capitals,2025,,Overseas,"2,00,00,000 ","2,00,00,000 ",Capped
Sameer Rizvi,,,Delhi Capitals,2025,,Indian,"30,00,000 ","95,00,000 ",Uncapped
Donovan Ferreira,,,Delhi Capitals,2025,,Overseas,"75,00,000 ","75,00,000 ",Capped
Dushmantha Chameera,,,Delhi Capitals,2025,,Overseas,"75,00,000 ","75,00,000 ",Capped
Vipraj Nigam,,,Delhi Capitals,2025,,Indian,"30,00,000 ","50,00,000 ",Uncapped
Karun Nair,,,Delhi Capitals,2025,,Indian,"30,00,000 ","50,00,000 ",Uncapped
Madhav Tiwari,,,Delhi Capitals,2025,,Indian,"30,00,000 ","40,00,000 ",Uncapped
Tripurana Vijay,,,Delhi Capitals,2025,,Indian,"30,00,000 ","30,00,000 ",Uncapped
Manvanth Kumar L,,,Delhi Capitals,2025,,Indian,"30,00,000 ","30,00,000 ",Uncapped
Ajay Mandal,,,Delhi Capitals,2025,,Indian,"30,00,000 ","30,00,000 ",Uncapped
Darshan Nalkande,,,Delhi Capitals,2025,,Indian,"30,00,000 ","30,00,000 ",Uncapped
Jos  Buttler,,,Gujarat Titans,2025,,Overseas,"2,00,00,000 ","15,75,00,000 ",Capped
Mohammad Siraj,,,Gujarat Titans,2025,,Indian,"2,00,00,000 ","12,25,00,000 ",Capped
Kagiso Rabada,,,Gujarat Titans,2025,,Overseas,"2,00,00,000 ","10,75,00,000 ",Capped
Prasidh Krishna,,,Gujarat Titans,2025,,Indian,"2,00,00,000 ","9,50,00,000 ",Capped
Washington Sundar,,,Gujarat Titans,2025,,Indian,"2,00,00,000 ","3,20,00,000 ",Capped
Sherfane Rutherford,,,Gujarat Titans,2025,,Overseas,"1,50,00,000 ","2,60,00,000 ",Capped
Gerald Coetzee,,,Gujarat Titans,2025,,Overseas,"1,25,00,000 ","2,40,00,000 ",Capped
Glenn Phillips,,,Gujarat Titans,2025,,Overseas,"2,00,00,000 ","2,00,00,000 ",Capped
R. Sai Kishore,,,Gujarat Titans,2025,,Overseas,"75,00,000 ","2,00,00,000 ",Capped
Mahipal Lomror,,,Gujarat Titans,2025,,Indian,"50,00,000 ","1,70,00,000 ",Uncapped
Gurnoor Singh Brar,,,Gujarat Titans,2025,,Indian,"30,00,000 ","1,30,00,000 ",Uncapped
Mohd. Arshad Khan,,,Gujarat Titans,2025,,Indian,"30,00,000 ","1,30,00,000 ",Uncapped
Karim Janat,,,Gujarat Titans,2025,,Overseas,"75,00,000 ","75,00,000 ",Capped
Jayant Yadav,,,Gujarat Titans,2025,,Indian,"75,00,000 ","75,00,000 ",Capped
Ishant Sharma,,,Gujarat Titans,2025,,Indian,"75,00,000 ","75,00,000 ",Capped
Kumar Kushagra,,,Gujarat Titans,2025,,Indian,"30,00,000 ","65,00,000 ",Uncapped
Kulwant Khejroliya,,,Gujarat Titans,2025,,Indian,"30,00,000 ","30,00,000 ",Uncapped
Manav Suthar,,,Gujarat Titans,2025,,Indian,"30,00,000 ","30,00,000 ",Uncapped
Anuj Rawat,,,Gujarat Titans,2025,,Indian,"30,00,000 ","30,00,000 ",Uncapped
Nishant Sindhu,,,Gujarat Titans,2025,,Indian,"30,00,000 ","30,00,000 ",Uncapped
Venkatesh Iyer,,,Kolkata Knight Riders,2025,,Indian,"2,00,00,000 ","23,75,00,000 ",Capped
Anrich Nortje,,,Kolkata Knight Riders,2025,,Overseas,"2,00,00,000 ","6,50,00,000 ",Capped
Quinton De Kock,,,Kolkata Knight Riders,2025,,Overseas,"2,00,00,000 ","3,60,00,000 ",Capped
Angkrish Raghuvanshi,,,Kolkata Knight Riders,2025,,Indian,"30,00,000 ","3,00,00,000 ",Uncapped
Spencer Johnson,,,Kolkata Knight Riders,2025,,Overseas,"2,00,00,000 ","2,80,00,000 ",Capped
Moeen Ali,,,Kolkata Knight Riders,2025,,Overseas,"2,00,00,000 ","2,00,00,000 ",Capped
Rahmanullah Gurbaz,,,Kolkata Knight Riders,2025,,Overseas,"2,00,00,000 ","2,00,00,000 ",Capped
Vaibhav Arora,,,Kolkata Knight Riders,2025,,Indian,"30,00,000 ","1,80,00,000 ",Uncapped
Ajinkya Rahane,,,Kolkata Knight Riders,2025,,Indian,"1,50,00,000 ","1,50,00,000 ",Capped
Rovman Powell,,,Kolkata Knight Riders,2025,,Overseas,"1,50,00,000 ","1,50,00,000 ",Capped
Umran  Malik,,,Kolkata Knight Riders,2025,,Indian,"75,00,000 ","75,00,000 ",Capped
Manish Pandey,,,Kolkata Knight Riders,2025,,Indian,"75,00,000 ","75,00,000 ",Capped
Anukul Roy,,,Kolkata Knight Riders,2025,,Indian,"30,00,000 ","40,00,000 ",Uncapped
Luvnith Sisodia,,,Kolkata Knight Riders,2025,,Indian,"30,00,000 ","30,00,000 ",Uncapped
Mayank Markande,,,Kolkata Knight Riders,2025,,Indian,"30,00,000 ","30,00,000 ",Uncapped
Rishabh Pant,,,Lucknow Super Giants,2025,,Indian,"2,00,00,000 ","27,00,00,000 ",Capped
Avesh Khan,,,Lucknow Super Giants,2025,,Indian,"2,00,00,000 ","9,75,00,000 ",Capped
Akash Deep,,,Lucknow Super Giants,2025,,Indian,"1,00,00,000 ","8,00,00,000 ",Capped
David Miller,,,Lucknow Super Giants,2025,,Overseas,"1,50,00,000 ","7,50,00,000 ",Capped
Abdul Samad,,,Lucknow Super Giants,2025,,Indian,"30,00,000 ","4,20,00,000 ",Uncapped
Mitchell Marsh,,,Lucknow Super Giants,2025,,Overseas,"2,00,00,000 ","3,40,00,000 ",Capped
Shahbaz Ahamad,,,Lucknow Super Giants,2025,,Indian,"1,00,00,000 ","2,40,00,000 ",Capped
Aiden Markram,,,Lucknow Super Giants,2025,,Overseas,"2,00,00,000 ","2,00,00,000 ",Capped
Matthew Breetzke,,,Lucknow Super Giants,2025,,Overseas,"75,00,000 ","75,00,000 ",Capped
Shamar Joseph,,,Lucknow Super Giants,2025,,Overseas,"75,00,000 ","75,00,000 ",Capped
M. Siddharth,,,Lucknow Super Giants,2025,,Indian,"30,00,000 ","75,00,000 ",Uncapped
Arshin Kulkarni,,,Lucknow Super Giants,2025,,Indian,"30,00,000 ","30,00,000 ",Uncapped
Rajvardhan Hangargekar,,,Lucknow Super Giants,2025,,Indian,"30,00,000 ","30,00,000 ",Uncapped
Yuvraj Chaudhary,,,Lucknow Super Giants,2025,,Indian,"30,00,000 ","30,00,000 ",Uncapped
Prince Yadav,,,Lucknow Super Giants,2025,,Indian,"30,00,000 ","30,00,000 ",Uncapped
Akash Singh,,,Lucknow Super Giants,2025,,Indian,"30,00,000 ","30,00,000 ",Uncapped
Digvesh Singh,,,Lucknow Super Giants,2025,,Indian,"30,00,000 ","30,00,000 ",Uncapped
Himmat Singh,,,Lucknow Super Giants,2025,,Indian,"30,00,000 ","30,00,000 ",Uncapped
Aryan Juyal,,,Lucknow Super Giants,2025,,Indian,"30,00,000 ","30,00,000 ",Uncapped
Trent Boult,,,Mumbai Indians,2025,,Overseas,"2,00,00,000 ","12,50,00,000 ",Capped
Deepak Chahar,,,Mumbai Indians,2025,,Indian,"2,00,00,000 ","9,25,00,000 ",Capped
Will Jacks,,,Mumbai Indians,2025,,Overseas,"2,00,00,000 ","5,25,00,000 ",Capped
Naman Dhir,,,Mumbai Indians,2025,,Overseas,"30,00,000 ","5,25,00,000 ",Uncapped
Allah  Ghazanfar,,,Mumbai Indians,2025,,Overseas,"75,00,000 ","4,80,00,000 ",Capped
Mitchell Santner,,,Mumbai Indians,2025,,Overseas,"2,00,00,000 ","2,00,00,000 ",Capped
Ryan Rickelton,,,Mumbai Indians,2025,,Overseas,"1,00,00,000 ","1,00,00,000 ",Capped
Lizaad Williams,,,Mumbai Indians,2025,,Overseas,"75,00,000 ","75,00,000 ",Capped
Reece Topley,,,Mumbai Indians,2025,,Overseas,"75,00,000 ","75,00,000 ",Capped
Robin Minz,,,Mumbai Indians,2025,,Indian,"30,00,000 ","65,00,000 ",Uncapped
Karn Sharma,,,Mumbai Indians,2025,,Indian,"50,00,000 ","50,00,000 ",Uncapped
Vignesh Puthur,,,Mumbai Indians,2025,,Indian,"30,00,000 ","30,00,000 ",Uncapped
Arjun  Tendulkar,,,Mumbai Indians,2025,,Indian,"30,00,000 ","30,00,000 ",Uncapped
Bevan John Jacobs,,,Mumbai Indians,2025,,Overseas,"30,00,000 ","30,00,000 ",Uncapped
Venkata Satyanarayana Penmetsa,,,Mumbai Indians,2025,,Indian,"30,00,000 ","30,00,000 ",Uncapped
Raj Angad Bawa,,,Mumbai Indians,2025,,Indian,"30,00,000 ","30,00,000 ",Uncapped
Shrijith Krishnan,,,Mumbai Indians,2025,,Indian,"30,00,000 ","30,00,000 ",Uncapped
Ashwani Kumar,,,Mumbai Indians,2025,,Indian,"30,00,000 ","30,00,000 ",Uncapped
Shreyas Iyer,,,Punjab Kings,2025,,Indian,"2,00,00,000 ","26,75,00,000 ",Capped
Yuzvendra Chahal,,,Punjab Kings,2025,,Indian,"2,00,00,000 ","18,00,00,000 ",Capped
Arshdeep Singh,,,Punjab Kings,2025,,Overseas,"2,00,00,000 ","18,00,00,000 ",Capped
Marcus Stoinis,,,Punjab Kings,2025,,Overseas,"2,00,00,000 ","11,00,00,000 ",Capped
Marco Jansen,,,Punjab Kings,2025,,Overseas,"1,25,00,000 ","7,00,00,000 ",Capped
Nehal Wadhera,,,Punjab Kings,2025,,Indian,"30,00,000 ","4,20,00,000 ",Uncapped
Glenn Maxwell,,,Punjab Kings,2025,,Overseas,"2,00,00,000 ","4,20,00,000 ",Capped
Priyansh Arya,,,Punjab Kings,2025,,Indian,"30,00,000 ","3,80,00,000 ",Uncapped
Josh Inglis,,,Punjab Kings,2025,,Overseas,"2,00,00,000 ","2,60,00,000 ",Capped
Azmatullah Omarzai,,,Punjab Kings,2025,,Overseas,"1,50,00,000 ","2,40,00,000 ",Capped
Lockie Ferguson,,,Punjab Kings,2025,,Overseas,"2,00,00,000 ","2,00,00,000 ",Capped
Vyshak Vijaykumar,,,Punjab Kings,2025,,Indian,"30,00,000 ","1,80,00,000 ",Uncapped
Yash Thakur,,,Punjab Kings,2025,,Indian,"30,00,000 ","1,60,00,000 ",Uncapped
Harpreet  Brar,,,Punjab Kings,2025,,Indian,"30,00,000 ","1,50,00,000 ",Uncapped
Aaron Hardie,,,Punjab Kings,2025,,Overseas,"1,25,00,000 ","1,25,00,000 ",Capped
Vishnu Vinod,,,Punjab Kings,2025,,Indian,"30,00,000 ","95,00,000 ",Uncapped
Xavier Bartlett,,,Punjab Kings,2025,,Overseas,"75,00,000 ","80,00,000 ",Capped
Kuldeep  Sen,,,Punjab Kings,2025,,Indian,"75,00,000 ","80,00,000 ",Capped
Pravin Dubey,,,Punjab Kings,2025,,Indian,"30,00,000 ","30,00,000 ",Uncapped
Pyla Avinash,,,Punjab Kings,2025,,Indian,"30,00,000 ","30,00,000 ",Uncapped
Suryansh  Shedge,,,Punjab Kings,2025,,Indian,"30,00,000 ","30,00,000 ",Uncapped
Musheer Khan,,,Punjab Kings,2025,,Indian,"30,00,000 ","30,00,000 ",Uncapped
Harnoor Pannu,,,Punjab Kings,2025,,Indian,"30,00,000 ","30,00,000 ",Uncapped
Jofra Archer,,,Rajasthan Royals,2025,,Overseas,"2,00,00,000 ","12,50,00,000 ",Capped
Tushar Deshpande,,,Rajasthan Royals,2025,,Indian,"1,00,00,000 ","6,50,00,000 ",Capped
Wanindu Hasaranga,,,Rajasthan Royals,2025,,Overseas,"2,00,00,000 ","5,25,00,000 ",Capped
Maheesh Theekshana,,,Rajasthan Royals,2025,,Overseas,"2,00,00,000 ","4,40,00,000 ",Capped
Nitish Rana,,,Rajasthan Royals,2025,,Indian,"1,50,00,000 ","4,20,00,000 ",Capped
Fazalhaq Farooqi,,,Rajasthan Royals,2025,,Overseas,"2,00,00,000 ","2,00,00,000 ",Capped
Kwena Maphaka,,,Rajasthan Royals,2025,,Overseas,"75,00,000 ","1,50,00,000 ",Capped
Akash Madhwal,,,Rajasthan Royals,2025,,Indian,"30,00,000 ","1,20,00,000 ",Uncapped
Vaibhav Suryavanshi,,,Rajasthan Royals,2025,,Indian,"30,00,000 ","1,10,00,000 ",Uncapped
Shubham Dubey,,,Rajasthan Royals,2025,,Indian,"30,00,000 ","80,00,000 ",Uncapped
Yudhvir Charak,,,Rajasthan Royals,2025,,Indian,"30,00,000 ","35,00,000 ",Uncapped
Ashok Sharma,,,Rajasthan Royals,2025,,Indian,"30,00,000 ","30,00,000 ",Uncapped
Kunal Rathore,,,Rajasthan Royals,2025,,Indian,"30,00,000 ","30,00,000 ",Uncapped
Kumar Kartikeya Singh,,,Rajasthan Royals,2025,,Indian,"30,00,000 ","30,00,000 ",Uncapped
Josh Hazlewood,,,Royal Challengers Bengaluru,2025,,Overseas,"2,00,00,000 ","12,50,00,000 ",Capped
Phil Salt,,,Royal Challengers Bengaluru,2025,,Overseas,"2,00,00,000 ","11,50,00,000 ",Capped
Jitesh Sharma,,,Royal Challengers Bengaluru,2025,,Indian,"1,00,00,000 ","11,00,00,000 ",Capped
Bhuvneshwar Kumar,,,Royal Challengers Bengaluru,2025,,Indian,"2,00,00,000 ","10,75,00,000 ",Capped
Liam Livingstone,,,Royal Challengers Bengaluru,2025,,Overseas,"2,00,00,000 ","8,75,00,000 ",Capped
Rasikh Dar,,,Royal Challengers Bengaluru,2025,,Indian,"30,00,000 ","6,00,00,000 ",Uncapped
Krunal Pandya,,,Royal Challengers Bengaluru,2025,,Indian,"2,00,00,000 ","5,75,00,000 ",Capped
Tim David,,,Royal Challengers Bengaluru,2025,,Overseas,"2,00,00,000 ","3,00,00,000 ",Capped
Jacob Bethell,,,Royal Challengers Bengaluru,2025,,Overseas,"1,25,00,000 ","2,60,00,000 ",Capped
Suyash Sharma,,,Royal Challengers Bengaluru,2025,,Indian,"30,00,000 ","2,60,00,000 ",Uncapped
Devdutt Padikkal,,,Royal Challengers Bengaluru,2025,,Indian,"2,00,00,000 ","2,00,00,000 ",Capped
Nuwan Thushara,,,Royal Challengers Bengaluru,2025,,Overseas,"75,00,000 ","1,60,00,000 ",Capped
Romario Shepherd,,,Royal Challengers Bengaluru,2025,,Overseas,"1,50,00,000 ","1,50,00,000 ",Capped
Lungisani Ngidi,,,Royal Challengers Bengaluru,2025,,Overseas,"1,00,00,000 ","1,00,00,000 ",Capped
Swapnil Singh,,,Royal Challengers Bengaluru,2025,,Overseas,"30,00,000 ","50,00,000 ",Uncapped
Mohit Rathee,,,Royal Challengers Bengaluru,2025,,Indian,"30,00,000 ","30,00,000 ",Uncapped
Abhinandan Singh,,,Royal Challengers Bengaluru,2025,,Indian,"30,00,000 ","30,00,000 ",Uncapped
Swastik Chhikara,,,Royal Challengers Bengaluru,2025,,Indian,"30,00,000 ","30,00,000 ",Uncapped
Manoj Bhandage,,,Royal Challengers Bengaluru,2025,,Indian,"30,00,000 ","30,00,000 ",Uncapped
Ishan Kishan,,,Sunrisers Hyderabad,2025,,Indian,"2,00,00,000 ","11,25,00,000 ",Capped
Mohammad Shami,,,Sunrisers Hyderabad,2025,,Indian,"2,00,00,000 ","10,00,00,000 ",Capped
Harshal Patel,,,Sunrisers Hyderabad,2025,,Indian,"2,00,00,000 ","8,00,00,000 ",Capped
Abhinav Manohar,,,Sunrisers Hyderabad,2025,,Indian,"30,00,000 ","3,20,00,000 ",Uncapped
Rahul Chahar,,,Sunrisers Hyderabad,2025,,Indian,"1,00,00,000 ","3,20,00,000 ",Capped
Adam Zampa,,,Sunrisers Hyderabad,2025,,Overseas,"2,00,00,000 ","2,40,00,000 ",Capped
Simarjeet Singh,,,Sunrisers Hyderabad,2025,,Indian,"30,00,000 ","1,50,00,000 ",Uncapped
Eshan Malinga,,,Sunrisers Hyderabad,2025,,Overseas,"30,00,000 ","1,20,00,000 ",Uncapped
Brydon Carse,,,Sunrisers Hyderabad,2025,,Overseas,"1,00,00,000 ","1,00,00,000 ",Capped
Jaydev Unadkat,,,Sunrisers Hyderabad,2025,,Indian,"1,00,00,000 ","1,00,00,000 ",Capped
Kamindu Mendis,,,Sunrisers Hyderabad,2025,,Overseas,"75,00,000 ","75,00,000 ",Capped
Zeeshan Ansari,,,Sunrisers Hyderabad,2025,,Indian,"30,00,000 ","40,00,000 ",Uncapped
Sachin Baby,,,Sunrisers Hyderabad,2025,,Indian,"30,00,000 ","30,00,000 ",Uncapped
Aniket Verma,,,Sunrisers Hyderabad,2025,,Indian,"30,00,000 ","30,00,000 ",Uncapped
Atharva Taide,,,Sunrisers Hyderabad,2025,,Indian,"30,00,000 ","30,00,000 ",Uncapped
Kartik Sharma,,,Chennai Super Kings,2026,,Indian,"30,00,000 ","14,20,00,000 ",Uncapped
Prashant Veer,,,Chennai Super Kings,2026,,Indian,"30,00,000 ","14,20,00,000 ",Uncapped
Rahul Chahar,,,Chennai Super Kings,2026,,Indian,"1,00,00,000 ","5,20,00,000 ",Capped
Matt Henry,,,Chennai Super Kings,2026,,Overseas,"2,00,00,000 ","2,00,00,000 ",Capped
Akeal Hosein,,,Chennai Super Kings,2026,,Overseas,"2,00,00,000 ","2,00,00,000 ",Capped
Matthew Short,,,Chennai Super Kings,2026,,Overseas,"1,50,00,000 ","1,50,00,000 ",Capped
Zak Foulkes,,,Chennai Super Kings,2026,,Overseas,"75,00,000 ","75,00,000 ",Capped
Sarfaraz Khan,,,Chennai Super Kings,2026,,Indian,"75,00,000 ","75,00,000 ",Capped
Aman Khan,,,Chennai Super Kings,2026,,Indian,"30,00,000 ","40,00,000 ",Uncapped
Auqib Dar,,,Delhi Capitals,2026,,Indian,"30,00,000 ","8,40,00,000 ",Uncapped
Pathum Nissanka,,,Delhi Capitals,2026,,Overseas,"75,00,000 ","4,00,00,000 ",Capped
Kyle Jamieson,,,Delhi Capitals,2026,,Overseas,"2,00,00,000 ","2,00,00,000 ",Capped
Lungisani Ngidi,,,Delhi Capitals,2026,,Overseas,"2,00,00,000 ","2,00,00,000 ",Capped
Ben Duckett,,,Delhi Capitals,2026,,Overseas,"2,00,00,000 ","2,00,00,000 ",Capped
David Miller,,,Delhi Capitals,2026,,Overseas,"2,00,00,000 ","2,00,00,000 ",Capped
Prithvi Shaw,,,Delhi Capitals,2026,,Indian,"75,00,000 ","75,00,000 ",Capped
Sahil Parakh,,,Delhi Capitals,2026,,Indian,"30,00,000 ","30,00,000 ",Uncapped
Jason Holder,,,Gujarat Titans,2026,,Overseas,"2,00,00,000 ","7,00,00,000 ",Capped
Tom Banton,,,Gujarat Titans,2026,,Overseas,"2,00,00,000 ","2,00,00,000 ",Capped
Ashok Sharma,,,Gujarat Titans,2026,,Indian,"30,00,000 ","90,00,000 ",Uncapped
Luke Wood,,,Gujarat Titans,2026,,Overseas,"75,00,000 ","75,00,000 ",Capped
Prithviraj Yarra,,,Gujarat Titans,2026,,Indian,"30,00,000 ","30,00,000 ",Uncapped
Cameron Green,,,Kolkata Knight Riders,2026,,Overseas,"2,00,00,000 ","25,20,00,000 ",Capped
Matheesha Pathirana,,,Kolkata Knight Riders,2026,,Overseas,"2,00,00,000 ","18,00,00,000 ",Capped
Mustafizur Rahman,,,Kolkata Knight Riders,2026,,Overseas,"2,00,00,000 ","9,20,00,000 ",Capped
Tejasvi Singh,,,Kolkata Knight Riders,2026,,Indian,"30,00,000 ","3,00,00,000 ",Uncapped
Rachin Ravindra,,,Kolkata Knight Riders,2026,,Overseas,"2,00,00,000 ","2,00,00,000 ",Capped
Finn Allen,,,Kolkata Knight Riders,2026,,Overseas,"2,00,00,000 ","2,00,00,000 ",Capped
Tim Seifert,,,Kolkata Knight Riders,2026,,Overseas,"1,50,00,000 ","1,50,00,000 ",Capped
Akash Deep,,,Kolkata Knight Riders,2026,,Indian,"1,00,00,000 ","1,00,00,000 ",Capped
Rahul Tripathi,,,Kolkata Knight Riders,2026,,Indian,"75,00,000 ","75,00,000 ",Capped
Daksh Kamra,,,Kolkata Knight Riders,2026,,Indian,"30,00,000 ","30,00,000 ",Uncapped
Sarthak Ranjan,,,Kolkata Knight Riders,2026,,Indian,"30,00,000 ","30,00,000 ",Uncapped
Prashant Solanki,,,Kolkata Knight Riders,2026,,Indian,"30,00,000 ","30,00,000 ",Uncapped
Kartik Tyagi,,,Kolkata Knight Riders,2026,,Indian,"30,00,000 ","30,00,000 ",Uncapped
Josh Inglis,,,Lucknow Super Giants,2026,,Overseas,"2,00,00,000 ","8,60,00,000 ",Capped
Mukul Choudhary,,,Lucknow Super Giants,2026,,Indian,"30,00,000 ","2,60,00,000 ",Uncapped
Akshat Raghuwanshi,,,Lucknow Super Giants,2026,,Indian,"30,00,000 ","2,20,00,000 ",Uncapped
Anrich Nortje,,,Lucknow Super Giants,2026,,Overseas,"2,00,00,000 ","2,00,00,000 ",Capped
Wanindu Hasaranga,,,Lucknow Super Giants,2026,,Overseas,"2,00,00,000 ","2,00,00,000 ",Capped
Naman Tiwari,,,Lucknow Super Giants,2026,,Indian,"30,00,000 ","1,00,00,000 ",Uncapped
Quinton De Kock,,,Mumbai Indians,2026,,Overseas,"1,00,00,000 ","1,00,00,000 ",Capped
Mayank Rawat,,,Mumbai Indians,2026,,Indian,"30,00,000 ","30,00,000 ",Uncapped
Atharva Ankolekar,,,Mumbai Indians,2026,,Indian,"30,00,000 ","30,00,000 ",Uncapped
Mohammad Izhar,,,Mumbai Indians,2026,,Indian,"30,00,000 ","30,00,000 ",Uncapped
Danish Malewar,,,Mumbai Indians,2026,,Indian,"30,00,000 ","30,00,000 ",Uncapped
Ben Dwarshuis,,,Punjab Kings,2026,,Overseas,"1,00,00,000 ","4,40,00,000 ",Capped
Cooper Connolly,,,Punjab Kings,2026,,Overseas,"2,00,00,000 ","3,00,00,000 ",Capped
Vishal Nishad,,,Punjab Kings,2026,,Indian,"30,00,000 ","30,00,000 ",Uncapped
Pravin Dubey,,,Punjab Kings,2026,,Indian,"30,00,000 ","30,00,000 ",Uncapped
Ravi Bishnoi,,,Rajasthan Royals,2026,,Indian,"2,00,00,000 ","7,20,00,000 ",Capped
Adam Milne,,,Rajasthan Royals,2026,,Overseas,"2,00,00,000 ","2,40,00,000 ",Capped
Ravi Singh,,,Rajasthan Royals,2026,,Indian,"30,00,000 ","95,00,000 ",Uncapped
Sushant Mishra,,,Rajasthan Royals,2026,,Indian,"30,00,000 ","90,00,000 ",Uncapped
Kuldeep Sen,,,Rajasthan Royals,2026,,Indian,"75,00,000 ","75,00,000 ",Capped
Brijesh Sharma,,,Rajasthan Royals,2026,,Indian,"30,00,000 ","30,00,000 ",Uncapped
Aman Rao Perala,,,Rajasthan Royals,2026,,Indian,"30,00,000 ","30,00,000 ",Uncapped
Vignesh Puthur,,,Rajasthan Royals,2026,,Indian,"30,00,000 ","30,00,000 ",Uncapped
Yash Raj Punja,,,Rajasthan Royals,2026,,Indian,"30,00,000 ","30,00,000 ",Uncapped
Venkatesh Iyer,,,Royal Challengers Bengaluru,2026,,Indian,"2,00,00,000 ","7,00,00,000 ",Capped
Mangesh Yadav,,,Royal Challengers Bengaluru,2026,,Indian,"30,00,000 ","5,20,00,000 ",Uncapped
Jacob Duffy,,,Royal Challengers Bengaluru,2026,,Overseas,"2,00,00,000 ","2,00,00,000 ",Capped
Jordan Cox,,,Royal Challengers Bengaluru,2026,,Overseas,"75,00,000 ","75,00,000 ",Capped
Kanishk Chouhan,,,Royal Challengers Bengaluru,2026,,Indian,"30,00,000 ","30,00,000 ",Uncapped
Vihaan Malhotra,,,Royal Challengers Bengaluru,2026,,Indian,"30,00,000 ","30,00,000 ",Uncapped
Vicky Ostwal,,,Royal Challengers Bengaluru,2026,,Indian,"30,00,000 ","30,00,000 ",Uncapped
Satvik Deswal,,,Royal Challengers Bengaluru,2026,,Indian,"30,00,000 ","30,00,000 ",Uncapped
Liam Livingstone,,,Sunrisers Hyderabad,2026,,Overseas,"2,00,00,000 ","13,00,00,000 ",Capped
Jack Edwards,,,Sunrisers Hyderabad,2026,,Overseas,"50,00,000 ","3,00,00,000 ",Uncapped
Salil Arora,,,Sunrisers Hyderabad,2026,,Indian,"30,00,000 ","1,50,00,000 ",Uncapped
Shivam Mavi,,,Sunrisers Hyderabad,2026,,Indian,"75,00,000 ","75,00,000 ",Capped
Krains Fuletra,,,Sunrisers Hyderabad,2026,,Indian,"30,00,000 ","30,00,000 ",Uncapped
Praful Hinge,,,Sunrisers Hyderabad,2026,,Indian,"30,00,000 ","30,00,000 ",Uncapped
Amit Kumar,,,Sunrisers Hyderabad,2026,,Indian,"30,00,000 ","30,00,000 ",Uncapped
Onkar Tarmale,,,Sunrisers Hyderabad,2026,,Indian,"30,00,000 ","30,00,000 ",Uncapped
Sakib Hussain,,,Sunrisers Hyderabad,2026,,Indian,"30,00,000 ","30,00,000 ",Uncapped
Shivang Kumar,,,Sunrisers Hyderabad,2026,,Indian,"30,00,000 ","30,00,000 ",Uncapped
