batter,total_runs,balls_faced,dismissals,fours,sixes,strike_rate,batting_average,bat_score,team_2026
V Kohli,8014,6236,218,708,273,128.51,36.76,70.68,Royal Challengers Bengaluru
S Dhawan,6769,5483,194,768,153,123.45,34.89,59.78,Unknown
RG Sharma,6630,5183,232,599,281,127.92,28.58,62.42,Mumbai Indians
DA Warner,6567,4849,164,663,236,135.43,40.04,64.33,Delhi Capitals
SK Raina,5536,4177,168,506,204,132.54,32.95,56.47,Unknown
MS Dhoni,5243,3947,149,363,252,132.84,35.19,56.79,Chennai Super Kings
AB de Villiers,5181,3487,125,414,253,148.58,41.45,60.69,Unknown
CH Gayle,4997,3516,128,408,359,142.12,39.04,61.03,Unknown
RV Uthappa,4954,3927,184,481,182,126.15,26.92,50.63,Royal Challengers Bengaluru
KD Karthik,4843,3687,189,466,161,131.35,25.62,50.28,Royal Challengers Bengaluru
KL Rahul,4689,3578,106,400,187,131.05,44.24,53.44,Delhi Capitals
AM Rahane,4642,3858,156,479,103,120.32,29.76,46.22,Kolkata Knight Riders
F du Plessis,4571,3435,125,422,166,133.07,36.57,51.31,Royal Challengers Bengaluru
SV Samson,4419,3270,142,352,206,135.14,31.12,51.12,Rajasthan Royals
AT Rayudu,4348,3490,152,359,173,124.58,28.61,47.33,Chennai Super Kings
G Gambhir,4217,3524,135,492,59,119.67,31.24,43.0,Unknown
SR Watson,3880,2892,126,377,190,134.16,30.79,47.72,Unknown
MK Pandey,3859,3288,133,335,111,117.37,29.02,41.81,Unknown
SA Yadav,3594,2522,112,385,130,142.51,32.09,46.49,Mumbai Indians
JC Buttler,3583,2519,96,356,161,142.24,37.32,48.16,Rajasthan Royals
KA Pollard,3437,2447,129,221,224,140.46,26.64,46.96,Unknown
RR Pant,3297,2296,96,298,154,143.6,34.34,46.28,Delhi Capitals
YK Pathan,3222,2334,111,263,161,138.05,29.03,44.08,Unknown
Shubman Gill,3216,2432,86,310,95,132.24,37.4,42.53,Gujarat Titans
Q de Kock,3160,2410,101,316,123,131.12,31.29,41.74,Mumbai Indians
SS Iyer,3131,2545,102,272,113,123.03,30.7,39.63,Kolkata Knight Riders
RA Jadeja,2959,2378,114,215,107,124.43,25.96,38.04,Chennai Super Kings
WP Saha,2934,2368,121,296,87,123.9,24.25,36.96,Unknown
DA Miller,2924,2171,84,207,134,134.68,34.81,42.18,Unknown
BB McCullum,2882,2272,106,293,130,126.85,27.19,38.99,Unknown
PA Patel,2848,2442,127,365,49,116.63,22.43,33.72,Unknown
GJ Maxwell,2772,1842,111,233,160,150.49,24.97,43.52,Royal Challengers Bengaluru
Yuvraj Singh,2754,2207,109,218,149,124.78,25.27,38.14,Mumbai Indians
V Sehwag,2728,1833,98,334,106,148.83,27.84,41.98,Unknown
MA Agarwal,2669,2081,116,265,98,128.26,23.01,36.58,Unknown
Ishan Kishan,2644,1991,91,255,119,132.8,29.05,38.98,Sunrisers Hyderabad
N Rana,2636,2015,94,234,132,130.82,28.04,38.74,Unknown
M Vijay,2619,2208,97,247,91,118.61,27.0,34.94,Unknown
HH Pandya,2534,1814,89,189,137,139.69,28.47,40.19,Mumbai Indians
SPD Smith,2495,1999,78,226,60,124.81,31.99,35.54,Unknown
SE Marsh,2489,1913,65,269,78,130.11,38.29,38.16,Unknown
AD Russell,2488,1515,84,171,209,164.22,29.62,46.97,Kolkata Knight Riders
JH Kallis,2427,2291,89,255,44,105.94,27.27,30.23,Unknown
DR Smith,2385,1803,81,245,117,132.28,29.44,37.6,Unknown
RD Gaikwad,2380,1781,56,217,91,133.63,42.5,39.4,Unknown
SR Tendulkar,2334,2044,71,296,29,114.19,32.87,31.94,Unknown
RA Tripathi,2236,1650,81,223,84,135.52,27.6,36.25,Unknown
R Dravid,2174,1918,77,269,28,113.35,28.23,30.14,Unknown
KS Williamson,2132,1734,59,187,64,122.95,36.14,34.2,Unknown
AJ Finch,2092,1696,84,214,78,123.35,24.9,32.5,Unknown
AC Gilchrist,2069,1555,76,239,92,133.05,27.22,35.08,Unknown
JP Duminy,2029,1680,49,126,79,120.77,41.41,34.6,Unknown
MEK Hussey,1977,1648,52,198,52,119.96,38.02,32.83,Unknown
PP Shaw,1892,1321,77,238,61,143.22,24.57,34.86,Unknown
MP Stoinis,1866,1366,67,150,91,136.6,27.85,34.84,Unknown
DPMD Jayawardene,1808,1522,64,200,40,118.79,28.25,29.71,Unknown
N Pooran,1769,1143,56,113,127,154.77,31.59,39.58,Unknown
Mandeep Singh,1706,1418,85,176,38,120.31,20.07,28.01,Kolkata Knight Riders
MK Tiwary,1695,1489,61,156,40,113.83,27.79,28.09,Unknown
KC Sangakkara,1687,1424,69,195,27,118.47,24.45,28.01,Unknown
AR Patel,1653,1318,78,107,79,125.42,21.19,30.08,Unknown
KH Pandya,1647,1287,74,144,61,127.97,22.26,30.24,Lucknow Super Giants
YBK Jaiswal,1607,1095,49,199,64,146.76,32.8,35.66,Unknown
JM Bairstow,1589,1132,48,166,69,140.37,33.1,34.5,Punjab Kings
DJ Bravo,1560,1247,69,120,66,125.1,22.61,29.44,Unknown
D Padikkal,1559,1323,63,170,42,117.84,24.75,27.72,Unknown
NV Ojha,1554,1360,74,121,79,114.26,21.0,27.36,Unknown
SP Narine,1534,984,84,164,97,155.89,18.26,35.45,Kolkata Knight Riders
S Dube,1502,1077,50,86,101,139.46,30.04,34.24,Unknown
KK Nair,1496,1192,65,161,39,125.5,23.02,28.52,Unknown
SS Tiwary,1494,1291,50,111,50,115.72,29.88,28.1,Unknown
DJ Hooda,1466,1170,77,96,61,125.3,19.04,28.24,Unknown
S Badrinath,1441,1245,48,154,28,115.74,30.02,27.25,Unknown
EJG Morgan,1406,1181,61,112,64,119.05,23.05,27.5,Unknown
BJ Hodge,1400,1153,46,122,43,121.42,30.43,28.65,Unknown
Abhishek Sharma,1377,925,55,128,73,148.86,25.04,33.81,Sunrisers Hyderabad
SC Ganguly,1349,1326,54,137,42,101.73,24.98,23.55,Unknown
CA Lynn,1329,974,39,132,66,136.45,34.08,32.52,Unknown
VR Iyer,1326,1000,43,121,61,132.6,30.84,31.04,Unknown
DJ Hussey,1322,1101,49,90,60,120.07,26.98,27.86,Unknown
SO Hetmyer,1243,854,40,76,82,145.55,31.08,33.8,Unknown
KM Jadhav,1208,1012,54,102,40,119.37,22.37,25.79,Unknown
R Parag,1173,909,47,84,60,129.04,24.96,28.52,Unknown
MM Ali,1162,849,49,95,67,136.87,23.71,29.98,Unknown
Tilak Varma,1156,830,28,90,58,139.28,41.29,33.25,Mumbai Indians
TM Dilshan,1153,1047,41,140,24,110.12,28.12,24.26,Unknown
IK Pathan,1150,985,53,88,38,116.75,21.7,24.81,Unknown
V Shankar,1115,890,43,80,45,125.28,25.93,27.24,Unknown
ML Hayden,1107,839,28,121,44,131.94,39.54,30.87,Unknown
M Vohra,1083,863,48,104,43,125.49,22.56,26.48,Unknown
LMP Simmons,1079,878,27,109,44,122.89,39.96,29.03,Unknown
B Sai Sudharsan,1034,770,21,95,32,134.29,49.24,32.33,Gujarat Titans
LRPL Taylor,1017,847,41,66,46,120.07,24.8,25.56,Unknown
R Tewatia,1013,788,43,84,47,128.55,23.56,27.02,Unknown
KP Pietersen,1001,758,29,91,40,132.06,34.52,29.37,Unknown
MC Henriques,1000,801,38,87,28,124.84,26.32,26.18,Unknown
AK Markram,995,787,33,73,35,126.43,30.15,27.33,Unknown
H Klaasen,993,613,26,56,64,161.99,38.19,36.51,Unknown
Y Venugopal Rao,985,865,42,77,37,113.87,23.45,23.7,Unknown
JA Morkel,975,712,40,61,55,136.94,24.38,28.84,Unknown
A Symonds,974,781,26,74,41,124.71,37.46,28.34,Unknown
CL White,971,774,35,76,38,125.45,27.74,26.68,Unknown
LS Livingstone,939,609,33,66,66,154.19,28.45,33.06,Unknown
BA Stokes,935,718,41,81,32,130.22,22.8,26.4,Unknown
DP Conway,924,669,20,100,30,138.12,46.2,31.94,Unknown
RK Singh,893,654,29,67,46,136.54,30.79,29.22,Unknown
HH Gibbs,886,837,32,83,31,105.85,27.69,22.21,Unknown
SM Curran,883,673,36,74,37,131.2,24.53,26.78,Unknown
STR Binny,880,700,44,66,35,125.71,20.0,24.83,Unknown
Harbhajan Singh,833,636,56,79,42,130.97,14.88,24.93,Kolkata Knight Riders
R Ashwin,800,698,59,61,28,114.61,13.56,20.93,Rajasthan Royals
RM Patidar,799,534,24,51,54,149.63,33.29,31.98,Unknown
MS Bisla,798,737,37,93,23,108.28,21.57,20.95,Unknown
Shakib Al Hasan,795,665,40,73,21,119.55,19.88,22.79,Kolkata Knight Riders
TM Head,772,458,20,76,40,168.56,38.6,36.1,Unknown
ST Jayasuriya,768,573,29,84,39,134.03,26.48,27.15,Unknown
P Simran Singh,756,528,35,78,41,143.18,21.6,28.09,Unknown
GC Smith,739,691,30,94,9,106.95,24.63,20.54,Unknown
JM Sharma,730,501,32,53,45,145.71,22.81,28.78,Unknown
AD Mathews,724,599,31,44,29,120.87,23.35,23.52,Unknown
C Green,707,472,20,62,32,149.79,35.35,31.3,Unknown
TL Suman,676,587,30,55,26,115.16,22.53,21.94,Unknown
AM Nayar,672,588,39,55,20,114.29,17.23,20.65,Unknown
MR Marsh,665,532,32,48,38,125.0,20.78,23.84,Unknown
GJ Bailey,663,552,29,59,19,120.11,22.86,22.71,Unknown
TH David,659,417,23,38,46,158.03,28.65,31.89,Unknown
E Lewis,654,499,24,62,36,131.06,27.25,26.05,Unknown
PD Salt,653,385,20,74,34,169.61,32.65,34.5,Unknown
A Badoni,634,505,26,46,24,125.54,24.38,24.03,Unknown
PP Chawla,624,580,57,56,20,107.59,10.95,17.99,Unknown
CH Morris,618,413,29,41,35,149.64,21.31,28.45,Unknown
JJ Roy,614,460,19,75,21,133.48,32.32,26.8,Unknown
JD Ryder,604,466,29,69,19,129.61,20.83,23.92,Unknown
SN Khan,585,456,29,63,14,128.29,20.17,23.31,Unknown
Abdul Samad,579,408,32,37,36,141.91,18.09,26.2,Lucknow Super Giants
HM Amla,577,418,13,60,21,138.04,44.38,29.62,Unknown
M Shahrukh Khan,553,413,25,35,37,133.9,22.12,25.23,Unknown
Rashid Khan,545,355,37,39,38,153.52,14.73,27.77,Unknown
CJ Anderson,538,436,22,40,31,123.39,24.45,23.34,Unknown
Shahbaz Ahmed,536,467,29,28,25,114.78,18.48,20.42,Unknown
RS Bopara,531,468,19,39,16,113.46,27.95,21.55,Unknown
JP Faulkner,527,406,28,36,23,129.8,18.82,23.33,Unknown
MK Lomror,527,389,30,33,30,135.48,17.57,24.42,Unknown
PJ Cummins,515,359,29,33,34,143.45,17.76,26.07,Unknown
M Manhas,514,486,24,43,10,105.76,21.42,18.64,Unknown
Gurkeerat Singh,511,436,27,55,11,117.2,18.93,20.46,Gujarat Titans
OA Shah,506,405,13,34,23,124.94,38.92,25.79,Unknown
PC Valthaty,505,432,22,61,20,116.9,22.95,21.33,Unknown
SW Billings,503,399,26,40,20,126.07,19.35,22.49,Unknown
RR Rossouw,473,321,21,45,25,147.35,22.52,27.2,Unknown
DT Christian,460,408,28,23,19,112.75,16.43,19.12,Unknown
NLTC Perera,424,326,24,23,26,130.06,17.67,22.75,Unknown
Shashank Singh,423,272,11,33,25,155.51,38.45,31.35,Sunrisers Hyderabad
SA Asnodkar,423,352,19,56,10,120.17,22.26,21.16,Unknown
JR Hopes,417,314,17,49,11,132.8,24.53,24.03,Unknown
J Botha,409,364,22,39,5,112.36,18.59,18.77,Unknown
LR Shukla,405,358,29,33,16,113.13,13.97,18.4,Unknown
T Stubbs,405,239,9,26,26,169.46,45.0,35.17,Unknown
AL Menaria,401,367,22,24,18,109.26,18.23,18.43,Unknown
MV Boucher,394,318,15,32,13,123.9,26.27,22.53,Unknown
CA Pujara,390,403,18,50,4,96.77,21.67,16.13,Unknown
Azhar Mahmood,388,311,19,39,13,124.76,20.42,21.65,Unknown
A Mishra,381,440,31,31,5,86.59,12.29,12.47,Unknown
KR Mayers,379,276,13,38,22,137.32,29.15,25.85,Unknown
Washington Sundar,378,341,27,32,9,110.85,14.0,17.63,Gujarat Titans
DB Ravi Teja,375,325,20,35,9,115.38,18.75,19.34,Unknown
S Sohal,368,311,18,34,18,118.33,20.44,20.43,Unknown
P Negi,365,301,26,27,16,121.26,14.04,19.81,Unknown
R Powell,360,254,20,21,28,141.73,18.0,24.83,Unknown
Abishek Porel,360,244,16,37,15,147.54,22.5,26.39,Unknown
DJ Mitchell,351,274,13,28,10,128.1,27.0,23.19,Unknown
KV Sharma,351,306,25,20,17,114.71,14.04,18.48,Unknown
N Wadhera,350,261,15,32,18,134.1,23.33,23.94,Unknown
Dhruv Jurel,347,237,13,29,16,146.41,26.69,26.87,Rajasthan Royals
R Bhatia,342,290,29,24,13,117.93,11.79,18.56,Unknown
P Kumar,340,323,34,22,17,105.26,10.0,15.86,Unknown
AP Tare,339,285,24,40,11,118.95,14.12,19.1,Unknown
J Fraser-McGurk,330,150,8,32,28,220.0,41.25,44.11,Unknown
JEC Franklin,327,309,11,25,9,105.83,29.73,19.15,Unknown
RN ten Doeschate,326,238,17,26,15,136.97,19.18,23.57,Unknown
Anuj Rawat,318,276,14,26,14,115.22,22.71,19.85,Gujarat Titans
R Vinay Kumar,310,289,26,21,9,107.27,11.92,16.22,Unknown
SN Thakur,307,228,23,27,13,134.65,13.35,21.94,Unknown
B Kumar,306,338,34,30,3,90.53,9.0,12.24,Unknown
Lalit Yadav,305,301,15,27,7,101.33,20.33,16.45,Delhi Capitals
DB Das,304,267,12,23,16,113.86,25.33,20.03,Unknown
C de Grandhomme,303,229,15,18,18,132.31,20.2,22.8,Unknown
Nithish Kumar Reddy,303,221,9,15,21,137.1,33.67,26.19,Unknown
LA Pomersbach,302,251,11,25,13,120.32,27.45,21.58,Unknown
UBT Chand,300,314,20,32,9,95.54,15.0,14.41,Unknown
DJG Sammy,295,251,15,15,18,117.53,19.67,19.77,Unknown
SP Goswami,293,307,20,32,3,95.44,14.65,14.13,Unknown
Rahmanullah Gurbaz,289,228,13,24,19,126.75,22.23,22.02,Kolkata Knight Riders
Y Nagar,285,271,15,20,9,105.17,19.0,16.93,Unknown
GH Vihari,284,331,20,23,1,85.8,14.2,12.06,Unknown
VVS Laxman,282,271,16,33,5,104.06,17.62,16.34,Unknown
B Chipli,280,256,16,28,7,109.38,17.5,17.41,Unknown
A Ashish Reddy,280,196,15,16,15,142.86,18.67,24.4,Unknown
MJ Lumb,278,198,10,45,6,140.4,27.8,25.26,Unknown
PBB Rajapaksa,277,201,12,22,15,137.81,23.08,24.17,Unknown
PK Garg,273,247,19,16,9,110.53,14.37,17.11,Unknown
MJ Guptill,271,197,12,24,15,137.56,22.58,24.0,Unknown
R Sathish,270,236,16,22,6,114.41,16.88,18.21,Unknown
JO Holder,259,217,21,13,18,119.35,12.33,18.66,Unknown
M Kaif,259,258,16,22,6,100.39,16.19,15.28,Unknown
HV Patel,249,214,26,16,15,116.36,9.58,17.46,Sunrisers Hyderabad
Atharva Taide,247,177,8,27,8,139.55,30.88,25.53,Sunrisers Hyderabad
K Gowtham,247,159,18,15,17,155.35,13.72,25.88,Lucknow Super Giants
SM Katich,241,191,10,26,8,126.18,24.1,21.69,Unknown
BCJ Cutting,238,146,11,15,19,163.01,21.64,28.78,Unknown
MD Mishra,237,213,15,24,8,111.27,15.8,17.29,Unknown
Harpreet Brar,233,201,12,19,9,115.92,19.42,18.85,Punjab Kings
A Manohar,231,181,14,21,10,127.62,16.5,20.65,Unknown
D Brevis,230,176,10,17,16,130.68,23.0,22.55,Unknown
WG Jacks,230,133,6,16,18,172.93,38.33,33.58,Unknown
R Ravindra,222,146,9,22,12,152.05,24.67,26.88,Unknown
Mohammad Nabi,221,157,17,18,12,140.76,13.0,22.62,Mumbai Indians
K Goel,218,239,14,17,9,91.21,15.57,13.25,Unknown
AA Jhunjhunwala,217,218,14,19,5,99.54,15.5,14.76,Unknown
R Dhawan,210,188,10,18,7,111.7,21.0,18.13,Unknown
UT Yadav,208,211,21,16,9,98.58,9.9,13.65,Unknown
K Rabada,206,207,16,16,8,99.52,12.88,14.32,Unknown
CA Ingram,205,183,12,22,5,112.02,17.08,17.42,Unknown
PD Collingwood,203,159,4,9,13,127.67,50.75,26.61,Unknown
JC Archer,199,132,13,11,14,150.76,15.31,24.93,Unknown
KS Bharat,199,168,7,12,8,118.45,28.43,20.73,Kolkata Knight Riders
SK Warne,198,219,19,14,6,90.41,10.42,12.01,Unknown
JD Unadkat,197,170,14,16,7,115.88,14.07,17.67,Unknown
SP Fleming,196,171,9,27,3,114.62,21.78,18.65,Unknown
AS Raut,194,172,11,13,7,112.79,17.64,17.67,Unknown
Salman Butt,193,172,7,30,2,112.21,27.57,19.15,Unknown
BJ Rohrer,193,146,7,21,5,132.19,27.57,23.16,Unknown
YV Takawale,192,183,8,26,3,104.92,24.0,17.12,Unknown
HC Brook,190,159,9,23,4,119.5,21.11,19.49,Unknown
Ashutosh Sharma,189,118,8,10,15,160.17,23.62,28.21,Delhi Capitals
Bipul Sharma,187,124,6,11,9,150.81,31.17,27.52,Sunrisers Hyderabad
FY Fazal,183,179,9,22,1,102.23,20.33,15.85,Unknown
Kuldeep Yadav,183,224,10,16,3,81.7,18.3,11.52,Delhi Capitals
MS Wade,183,185,13,23,2,98.92,14.08,14.13,Unknown
SD Hope,183,125,8,12,12,146.4,22.88,25.27,Unknown
Sikandar Raza,182,143,7,12,8,127.27,26.0,21.94,Punjab Kings
CR Brathwaite,181,120,14,10,16,150.83,12.93,24.49,Unknown
AC Voges,181,143,6,15,3,126.57,30.17,22.39,Unknown
S Gopal,180,173,13,19,2,104.05,13.85,15.08,Unknown
AB Agarkar,179,160,8,13,5,111.87,22.38,18.19,Unknown
C Munro,177,144,9,19,8,122.92,19.67,19.96,Unknown
MF Maharoof,177,124,10,12,9,142.74,17.7,23.53,Unknown
Ramandeep Singh,170,106,6,8,13,160.38,28.33,28.93,Kolkata Knight Riders
DH Yagnik,170,142,9,23,2,119.72,18.89,18.99,Unknown
CM Gautam,169,158,9,17,6,106.96,18.78,16.57,Delhi Daredevils
DW Steyn,167,163,22,14,3,102.45,7.59,13.63,Unknown
MN van Wyk,167,135,3,19,1,123.7,55.67,26.18,Unknown
MG Johnson,167,168,14,10,7,99.4,11.93,13.91,Unknown
PA Reddy,164,167,10,15,2,98.2,16.4,14.3,Unknown
A Raghuvanshi,163,109,7,16,8,149.54,23.29,25.74,Unknown
N Jagadeesan,162,155,9,21,2,104.52,18.0,15.81,Chennai Super Kings
MN Samuels,161,174,12,9,7,92.53,13.42,12.79,Unknown
RE van der Merwe,159,144,12,11,8,110.42,13.25,16.29,Unknown
R McLaren,159,178,8,14,1,89.33,19.88,13.12,Unknown
D Wiese,148,105,6,12,7,140.95,24.67,24.2,Unknown
AD Hales,148,119,6,13,6,124.37,24.67,20.92,Unknown
SM Pollock,147,116,8,12,8,126.72,18.38,20.33,Unknown
S Vidyut,145,115,8,21,3,126.09,18.12,20.01,Unknown
Sachin Baby,144,123,10,11,5,117.07,14.4,17.64,Sunrisers Hyderabad
Naman Dhir,140,84,6,12,10,166.67,23.33,29.05,Mumbai Indians
N Saini,140,143,11,16,0,97.9,12.73,13.42,Unknown
Anmolpreet Singh,139,117,9,19,3,118.8,15.44,18.08,Sunrisers Hyderabad
S Anirudha,136,121,8,9,7,112.4,17.0,17.19,Unknown
SB Styris,131,134,7,10,3,97.76,18.71,14.48,Unknown
W Jaffer,130,129,7,14,3,100.78,18.57,15.05,Unknown
RD Chahar,129,127,16,13,5,101.57,8.06,13.41,Unknown
Kamran Akmal,128,78,4,13,8,164.1,32.0,29.95,Unknown
P Dogra,127,141,12,4,5,90.07,10.58,11.59,Unknown
TK Curran,127,108,5,10,3,117.59,25.4,19.53,Unknown
UT Khawaja,127,105,5,14,3,120.95,25.4,20.19,Unknown
M Morkel,126,93,11,11,5,135.48,11.45,20.64,Unknown
SS Prabhudessai,126,113,9,11,4,111.5,14.0,16.36,Unknown
BB Samantray,125,116,5,13,2,107.76,25.0,17.49,Unknown
MC Juneja,125,134,7,11,1,93.28,17.86,13.37,Unknown
B Lee,124,102,10,8,8,121.57,12.4,18.15,Unknown
MM Sharma,124,137,16,9,4,90.51,7.75,11.13,Gujarat Titans
Harpreet Singh,123,119,6,10,3,103.36,20.5,15.86,Unknown
AB McDonald,123,103,5,9,4,119.42,24.6,19.75,Unknown
DL Vettori,121,118,7,11,2,102.54,17.29,15.09,Unknown
NK Patel,121,124,5,14,1,97.58,24.2,15.31,Unknown
TG Southee,120,108,11,8,4,111.11,10.91,15.71,Unknown
AC Blizzard,120,91,7,21,2,131.87,17.14,20.82,Unknown
Misbah-ul-Haq,117,82,9,10,6,142.68,13.0,22.31,Unknown
RJ Harris,117,112,12,6,3,104.46,9.75,14.16,Unknown
Z Khan,117,141,15,11,2,82.98,7.8,9.57,Unknown
MW Short,117,99,6,15,4,118.18,19.5,18.59,Unknown
KK Cooper,116,70,9,9,8,165.71,12.89,26.86,Unknown
R Shepherd,115,68,6,7,10,169.12,19.17,28.68,Unknown
Aman Hakim Khan,115,109,9,8,6,105.5,12.78,14.97,Unknown
DJM Short,115,102,7,11,5,112.75,16.43,17.0,Unknown
M Kartik,113,109,7,7,1,103.67,16.14,15.05,Unknown
DJ Harris,111,103,3,11,5,107.77,37.0,19.61,Unknown
Mohammed Siraj,109,122,10,10,4,89.34,10.9,11.38,Royal Challengers Bengaluru
JDP Oram,106,110,8,6,5,96.36,13.25,13.18,Unknown
LJ Wright,106,63,4,16,3,168.25,26.5,29.55,Unknown
SE Rutherford,106,107,7,3,8,99.07,15.14,14.13,Unknown
MA Starc,105,109,8,11,0,96.33,13.12,13.01,Unknown
DS Kulkarni,104,113,9,7,2,92.04,11.56,11.95,Unknown
RJ Quiney,103,105,7,12,3,98.1,14.71,13.71,Unknown
SD Chitnis,99,92,7,10,2,107.61,14.14,15.43,Unknown
MS Gony,99,76,9,6,8,130.26,11.0,19.49,Unknown
CJ Ferguson,98,119,6,9,0,82.35,16.33,10.79,Unknown
MJ Clarke,98,96,6,12,0,102.08,16.33,14.67,Unknown
PN Mankad,97,75,3,13,2,129.33,32.33,22.87,Unknown
Arshad Khan,96,67,4,5,6,143.28,24.0,24.25,Unknown
PR Shah,92,97,8,9,2,94.85,11.5,12.43,Unknown
DJ Jacobs,92,101,7,10,4,91.09,13.14,12.03,Unknown
JDS Neesham,92,93,8,6,2,98.92,11.5,13.22,Unknown
AJ Tye,91,79,8,6,5,115.19,11.38,16.47,Unknown
S Rana,91,82,5,9,1,110.98,18.2,16.73,Unknown
RT Ponting,91,129,8,5,2,70.54,11.38,7.63,Unknown
AD Nath,90,99,10,7,2,90.91,9.0,11.2,Unknown
Iqbal Abdulla,88,86,1,9,1,102.33,88.0,27.26,Unknown
SL Malinga,88,103,12,6,5,85.44,7.33,9.91,Unknown
Ankit Sharma,87,69,7,7,4,126.09,12.43,18.75,Rajasthan Royals
AP Majumdar,87,77,4,7,2,112.99,21.75,17.76,Unknown
MJ McClenaghan,85,73,11,5,7,116.44,7.73,16.1,Unknown
RE Levi,83,74,6,10,4,112.16,13.83,16.24,Unknown
TA Boult,83,82,7,5,3,101.22,11.86,13.72,Unknown
NM Coulter-Nile,82,75,10,7,4,109.33,8.2,14.69,Unknown
LA Carseldine,81,71,3,11,0,114.08,27.0,18.8,Unknown
CJ Jordan,81,81,9,3,3,100.0,9.0,12.97,Unknown
WPUJC Vaas,81,73,7,2,3,110.96,11.57,15.57,Unknown
RV Patel,80,76,5,6,2,105.26,16.0,15.2,Unknown
DL Chahar,80,61,7,2,6,131.15,11.43,19.59,Unknown
AD Mascarenhas,79,79,10,5,1,100.0,7.9,12.71,Unknown
CR Woakes,78,77,5,7,2,101.3,15.6,14.34,Unknown
JR Philippe,78,80,4,9,1,97.5,19.5,14.25,Unknown
B Akhil,76,57,7,5,5,133.33,10.86,19.87,Unknown
IR Jaggi,76,100,5,6,0,76.0,15.2,9.24,Unknown
TR Birt,75,59,5,9,2,127.12,15.0,19.28,Unknown
Mohammed Shami,74,82,13,6,2,90.24,5.69,10.41,Unknown
RR Sarwan,73,78,3,6,1,93.59,24.33,14.3,Unknown
M Klinger,73,78,4,9,0,93.59,18.25,13.21,Unknown
PWH de Silva,72,80,11,7,1,90.0,6.55,10.48,Unknown
MJ Santner,70,77,6,4,3,90.91,11.67,11.6,Unknown
J Suchith,70,62,4,6,3,112.9,17.5,16.94,Sunrisers Hyderabad
AA Bilakhia,69,88,5,5,0,78.41,13.8,9.43,Unknown
JJ Bumrah,68,80,8,5,1,85.0,8.5,9.82,Mumbai Indians
RR Powar,67,64,3,6,1,104.69,22.33,16.1,Unknown
R Sharma,66,77,11,5,3,85.71,6.0,9.57,Unknown
HR Shokeen,66,67,3,9,0,98.51,22.0,14.8,Unknown
M Jansen,66,71,8,5,2,92.96,8.25,11.36,Unknown
GD Phillips,65,55,7,3,6,118.18,9.29,16.59,Unknown
WD Parnell,65,86,10,4,1,75.58,6.5,7.61,Unknown
KA Jamieson,65,55,3,5,3,118.18,21.67,18.68,Unknown
Mohammad Hafeez,64,84,8,7,2,76.19,8.0,8.01,Unknown
Anirudh Singh,63,69,4,6,1,91.3,15.75,12.3,Unknown
A Flintoff,62,57,2,5,2,108.77,31.0,18.42,Unknown
SP Jackson,61,57,6,5,1,107.02,10.17,14.4,Unknown
S Aravind,59,59,3,7,0,100.0,19.67,14.65,Unknown
I Sharma,57,71,7,4,2,80.28,8.14,8.8,Unknown
WA Mota,56,76,5,2,0,73.68,11.2,7.98,Unknown
Vishnu Vinod,56,58,6,3,3,96.55,9.33,12.23,Punjab Kings
M Rawat,55,70,5,4,1,78.57,11.0,8.93,Unknown
Sandeep Sharma,54,73,5,4,0,73.97,10.8,7.96,Punjab Kings
A Chopra,53,75,5,7,0,70.67,10.6,7.27,Unknown
DJ Willey,53,64,3,7,0,82.81,17.67,10.89,Unknown
RP Singh,52,78,15,2,1,66.67,3.47,5.26,Unknown
Shivam Mavi,51,58,9,4,2,87.93,5.67,9.84,Sunrisers Hyderabad
OF Smith,51,50,3,1,5,102.0,17.0,14.67,Unknown
R Rampaul,51,52,5,3,2,98.08,10.2,12.63,Unknown
KB Arun Karthik,51,53,5,4,1,96.23,10.2,12.24,Unknown
VR Aaron,50,73,4,2,2,68.49,12.5,7.22,Unknown
RV Gomez,50,53,7,5,1,94.34,7.14,11.32,Unknown
SB Bangar,49,58,6,1,3,84.48,8.17,9.62,Unknown
A Nortje,49,51,5,6,0,96.08,9.8,12.1,Unknown
AG Paunikar,49,61,5,9,0,80.33,9.8,9.01,Unknown
T Kohler-Cadmore,48,54,3,7,1,88.89,16.0,11.8,Unknown
Yashpal Singh,47,67,4,5,0,70.15,11.75,7.34,Unknown
SK Trivedi,42,61,8,3,1,68.85,5.25,5.95,Unknown
A Nehra,41,63,8,3,1,65.08,5.12,5.18,Unknown
S Nadeem,39,88,16,2,0,44.32,2.44,0.6,Unknown
DJ Thornely,39,54,3,2,2,72.22,13.0,7.98,Unknown
YS Chahal,37,89,6,0,0,41.57,6.17,0.71,Rajasthan Royals
L Balaji,36,50,7,2,1,72.0,5.14,6.52,Unknown
M Ashwin,35,50,8,2,1,70.0,4.38,5.99,Kings XI Punjab
S Sreesanth,34,57,3,6,0,59.65,11.33,5.15,Unknown
Ravi Bishnoi,32,52,7,2,0,61.54,4.57,4.32,Rajasthan Royals
NS Naik,31,53,4,2,0,58.49,7.75,4.27,Unknown
AB Dinda,26,50,9,2,0,52.0,2.89,2.12,Unknown
