bowler,balls_bowled,runs_conceded,wickets,dot_balls,overs,economy,bowling_avg,bowl_score,team_2026
YS Chahal,3521,4544,209,1246,586.83,7.74,21.74,86.17,Rajasthan Royals
DJ Bravo,3120,4236,206,1054,520.0,8.15,20.56,81.03,Unknown
SP Narine,4081,4580,200,1631,680.17,6.73,22.9,93.83,Kolkata Knight Riders
PP Chawla,3850,5097,198,1358,641.67,7.94,25.74,83.78,Unknown
R Ashwin,4524,5238,195,1606,754.0,6.95,26.86,91.18,Rajasthan Royals
B Kumar,3910,4852,195,1729,651.67,7.45,24.88,90.0,Unknown
SL Malinga,2827,3291,186,1217,471.17,6.98,17.69,84.26,Unknown
JJ Bumrah,3075,3670,182,1300,512.5,7.16,20.16,83.33,Mumbai Indians
A Mishra,3371,4091,182,1220,561.83,7.28,22.48,81.76,Unknown
RA Jadeja,3829,4822,168,1261,638.17,7.56,28.7,77.39,Chennai Super Kings
UT Yadav,3057,4262,163,1262,509.5,8.37,26.15,71.93,Unknown
Rashid Khan,2872,3295,157,1112,478.67,6.88,20.99,76.55,Unknown
Harbhajan Singh,3416,3996,157,1312,569.33,7.02,25.45,78.17,Kolkata Knight Riders
Sandeep Sharma,2822,3635,152,1157,470.33,7.73,23.91,71.4,Punjab Kings
HV Patel,2162,3039,151,757,360.33,8.43,20.13,62.77,Sunrisers Hyderabad
MM Sharma,2253,3207,147,803,375.5,8.54,21.82,61.77,Gujarat Titans
Mohammed Shami,2435,3351,144,1037,405.83,8.26,23.27,65.27,Unknown
AR Patel,3105,3767,131,1067,517.5,7.28,28.76,67.64,Unknown
TA Boult,2341,3173,128,1020,390.17,8.13,24.79,61.89,Unknown
R Vinay Kumar,2127,2953,126,801,354.5,8.33,23.44,57.78,Unknown
K Rabada,1829,2545,126,758,304.83,8.35,20.2,57.17,Unknown
AD Russell,1697,2591,125,616,282.83,9.16,20.73,51.0,Kolkata Knight Riders
A Nehra,1908,2447,120,828,318.0,7.69,20.39,60.01,Unknown
Z Khan,2200,2769,119,929,366.67,7.55,23.27,61.69,Unknown
JD Unadkat,2131,3149,109,707,355.17,8.87,28.89,49.73,Unknown
CH Morris,1726,2278,107,708,287.67,7.92,21.29,54.25,Unknown
SR Watson,2029,2622,106,850,338.17,7.75,24.74,56.57,Unknown
DW Steyn,2182,2453,105,1064,363.67,6.75,23.36,64.1,Unknown
P Kumar,2524,3197,102,1147,420.67,7.6,31.34,59.89,Unknown
RP Singh,1775,2297,100,790,295.83,7.76,22.97,54.36,Unknown
SN Thakur,1866,2768,100,669,311.0,8.9,27.68,46.95,Unknown
IK Pathan,2043,2629,99,885,340.5,7.72,26.56,55.45,Unknown
PP Ojha,1898,2317,98,707,316.33,7.32,23.64,55.21,Unknown
JA Morkel,1723,2297,96,683,287.17,8.0,23.93,50.88,Unknown
Mohammed Siraj,1958,2722,96,853,326.33,8.34,28.35,51.09,Royal Challengers Bengaluru
I Sharma,2309,3071,96,1035,384.83,7.98,31.99,55.13,Unknown
DS Kulkarni,1787,2393,91,765,297.83,8.03,26.3,50.48,Unknown
Kuldeep Yadav,1746,2364,89,539,291.0,8.12,26.56,46.86,Delhi Capitals
M Morkel,1629,2042,88,738,271.5,7.52,23.2,52.11,Unknown
Imran Tahir,1316,1684,86,451,219.33,7.68,19.58,47.41,Chennai Super Kings
L Balaji,1512,1998,85,582,252.0,7.93,23.51,47.4,Unknown
Arshdeep Singh,1364,1994,84,502,227.33,8.77,23.74,41.8,Punjab Kings
CV Varun,1590,2000,84,607,265.0,7.55,23.81,49.45,Unknown
MM Patel,1355,1682,82,612,225.83,7.45,20.51,49.55,Unknown
R Bhatia,1636,2023,82,467,272.67,7.42,24.67,48.0,Unknown
Avesh Khan,1335,1931,81,514,222.5,8.68,23.84,41.69,Lucknow Super Giants
KV Sharma,1495,2105,81,512,249.17,8.45,25.99,42.87,Unknown
AB Dinda,1516,1991,81,648,252.67,7.88,24.58,47.47,Unknown
KA Pollard,1488,2095,80,422,248.0,8.45,26.19,41.57,Unknown
DL Chahar,1669,2159,79,726,278.17,7.76,27.33,48.54,Unknown
KK Ahmed,1276,1839,78,541,212.67,8.65,23.58,41.44,Unknown
KH Pandya,2122,2554,78,705,353.67,7.22,32.74,50.88,Lucknow Super Giants
T Natarajan,1337,1931,76,444,222.83,8.67,25.41,39.71,Sunrisers Hyderabad
RD Chahar,1664,2122,76,590,277.33,7.65,27.92,46.79,Unknown
JP Faulkner,1238,1791,75,440,206.33,8.68,23.88,39.37,Unknown
MJ McClenaghan,1274,1730,75,534,212.33,8.15,23.07,43.26,Unknown
JH Kallis,1742,2265,74,640,290.33,7.8,30.61,46.11,Unknown
SK Trivedi,1506,1863,73,528,251.0,7.42,25.52,46.54,Unknown
Shakib Al Hasan,1484,1827,71,523,247.33,7.39,25.73,46.16,Kolkata Knight Riders
Mustafizur Rahman,1299,1723,70,489,216.5,7.96,24.61,42.52,Kolkata Knight Riders
HH Pandya,1418,2122,69,509,236.33,8.98,30.75,37.16,Mumbai Indians
Ravi Bishnoi,1411,1803,68,508,235.17,7.67,26.51,43.78,Rajasthan Royals
M Muralitharan,1528,1700,67,643,254.67,6.68,25.37,50.33,Unknown
PJ Cummins,1319,1905,66,497,219.83,8.67,28.86,37.92,Unknown
MG Johnson,1235,1655,66,557,205.83,8.04,25.08,41.93,Unknown
S Kaul,1209,1736,63,410,201.5,8.62,27.56,36.43,Unknown
SM Curran,1181,1862,62,396,196.83,9.46,30.03,31.61,Unknown
A Nortje,1054,1543,62,429,175.67,8.78,24.89,35.57,Unknown
JO Holder,995,1421,59,340,165.83,8.57,24.08,34.9,Unknown
SK Warne,1194,1426,59,442,199.0,7.17,24.17,43.46,Unknown
MA Starc,831,1106,59,361,138.5,7.99,18.75,38.2,Unknown
TG Southee,1206,1711,57,475,201.0,8.51,30.02,36.33,Unknown
LH Ferguson,958,1384,56,374,159.67,8.67,24.71,34.05,Unknown
S Nadeem,1415,1758,54,469,235.83,7.45,32.56,41.1,Unknown
M Prasidh Krishna,1152,1640,53,494,192.0,8.54,30.94,35.43,Unknown
S Gopal,991,1345,53,326,165.17,8.14,25.38,35.55,Unknown
NM Coulter-Nile,857,1079,52,387,142.83,7.55,20.75,39.13,Unknown
JC Archer,947,1157,49,444,157.83,7.33,23.61,40.23,Unknown
A Kumble,965,1050,49,397,160.83,6.53,21.43,43.88,Unknown
SB Jakati,1085,1444,49,355,180.83,7.99,29.47,35.71,Unknown
S Aravind,760,1025,48,302,126.67,8.09,21.35,34.32,Unknown
AJ Tye,685,975,48,225,114.17,8.54,20.31,31.05,Unknown
RJ Harris,832,1034,47,390,138.67,7.46,22.0,38.43,Unknown
TU Deshpande,774,1211,46,303,129.0,9.39,26.33,27.02,Unknown
MC Henriques,950,1268,46,315,158.33,8.01,27.57,34.41,Unknown
YK Pathan,1147,1400,45,419,191.17,7.32,31.11,39.02,Unknown
Iqbal Abdulla,920,1099,45,346,153.33,7.17,24.42,38.95,Unknown
MP Stoinis,803,1260,45,238,133.83,9.41,28.0,25.91,Unknown
VR Aaron,994,1439,45,415,165.67,8.69,31.98,31.77,Unknown
PJ Sangwan,856,1202,44,338,142.67,8.43,27.32,31.99,Unknown
DE Bollinger,576,684,43,270,96.0,7.12,15.91,37.83,Unknown
S Sreesanth,880,1120,43,416,146.67,7.64,26.05,36.82,Unknown
P Awana,747,1007,43,307,124.5,8.09,23.42,33.17,Unknown
R Sharma,928,1093,42,344,154.67,7.07,26.02,38.73,Unknown
GJ Maxwell,944,1283,41,309,157.33,8.15,31.29,32.4,Royal Challengers Bengaluru
MM Ali,758,888,40,273,126.33,7.03,22.2,37.62,Unknown
DT Christian,883,1174,40,316,147.17,7.98,29.35,33.13,Unknown
Yuvraj Singh,869,1078,39,269,144.83,7.44,27.64,35.17,Mumbai Indians
Washington Sundar,1054,1318,39,366,175.67,7.5,33.79,36.0,Gujarat Titans
WD Parnell,723,910,39,312,120.5,7.55,23.33,35.1,Unknown
MS Gony,888,1278,39,366,148.0,8.64,32.77,30.01,Unknown
M Kartik,1149,1366,39,405,191.5,7.13,35.03,38.4,Unknown
P Negi,716,937,38,249,119.33,7.85,24.66,32.54,Unknown
DP Nannes,646,762,38,306,107.67,7.08,20.05,37.26,Unknown
M Pathirana,451,549,37,178,75.17,7.3,14.84,34.35,Unknown
MR Marsh,560,769,37,189,93.33,8.24,20.78,29.54,Unknown
NLTC Perera,698,1010,37,238,116.33,8.68,27.3,27.81,Unknown
M Markande,720,1062,36,218,120.0,8.85,29.5,26.44,Unknown
KK Cooper,576,757,36,209,96.0,7.89,21.03,31.38,Unknown
JR Hazlewood,603,809,36,270,100.5,8.05,22.47,31.26,Unknown
PWH de Silva,552,751,36,209,92.0,8.16,20.86,29.96,Unknown
R Tewatia,843,1093,35,270,140.5,7.78,31.23,32.43,Unknown
CJ Jordan,674,1056,35,225,112.33,9.4,30.17,23.39,Unknown
M Ashwin,870,1150,35,298,145.0,7.93,32.86,31.97,Kings XI Punjab
DL Vettori,777,886,34,283,129.5,6.84,26.06,37.28,Unknown
AB Agarkar,782,1129,33,273,130.33,8.66,34.21,27.36,Unknown
MF Maharoof,420,504,33,177,70.0,7.2,15.27,33.9,Unknown
Shivam Mavi,649,906,33,267,108.17,8.38,27.45,28.76,Sunrisers Hyderabad
Harmeet Singh,549,709,31,213,91.5,7.75,22.87,30.95,Unknown
BA Stokes,689,984,31,250,114.83,8.57,31.74,27.08,Unknown
CR Woakes,440,650,31,173,73.33,8.86,20.97,24.65,Unknown
A Singh,473,621,31,200,78.83,7.88,20.03,30.12,Unknown
Umran Malik,494,738,31,218,82.33,8.96,23.81,24.65,Kolkata Knight Riders
Mukesh Kumar,399,684,31,137,66.5,10.29,22.06,16.71,Delhi Capitals
Azhar Mahmood,537,680,31,206,89.5,7.6,21.94,31.66,Unknown
B Lee,875,1060,30,400,145.83,7.27,35.33,35.44,Unknown
SK Raina,908,1117,30,299,151.33,7.38,37.23,33.67,Unknown
A Zampa,419,551,30,133,69.83,7.89,18.37,29.03,Unknown
Yash Dayal,578,889,29,223,96.33,9.23,30.66,22.81,Royal Challengers Bengaluru
L Ngidi,324,430,28,139,54.0,7.96,15.36,28.25,Unknown
AD Mathews,791,1070,28,237,131.83,8.12,38.21,28.57,Unknown
STR Binny,594,746,28,204,99.0,7.54,26.64,31.23,Unknown
PV Tambe,660,847,27,215,110.0,7.7,31.37,30.27,Unknown
J Botha,694,799,27,268,115.67,6.91,29.59,35.05,Unknown
DR Smith,539,796,27,179,89.83,8.86,29.48,23.75,Unknown
Harshit Rana,385,565,27,157,64.17,8.8,20.93,23.81,Unknown
R Dhawan,662,880,27,218,110.33,7.98,32.59,28.84,Unknown
Mohsin Khan,486,672,27,212,81.0,8.3,24.89,27.08,Lucknow Super Giants
Yash Thakur,404,672,27,138,67.33,9.98,24.89,17.39,Punjab Kings
Basil Thampi,521,844,26,163,86.83,9.72,32.46,18.81,Mumbai Indians
Navdeep Saini,652,916,26,284,108.67,8.43,35.23,27.01,Rajasthan Royals
Naveen-ul-Haq,388,576,26,141,64.67,8.91,22.15,22.8,Unknown
SW Tait,473,580,26,222,78.83,7.36,22.31,31.9,Unknown
M Theekshana,624,806,25,201,104.0,7.75,32.24,29.36,Unknown
RE van der Merwe,443,503,25,159,73.83,6.81,20.12,33.81,Unknown
Harpreet Brar,679,887,25,239,113.17,7.84,35.48,29.34,Punjab Kings
GB Hogg,458,563,25,170,76.33,7.38,22.52,30.94,Unknown
Sohail Tanvir,247,255,24,130,41.17,6.19,10.62,36.48,Unknown
AS Rajpoot,530,792,24,214,88.33,8.97,33.0,22.86,Unknown
JP Duminy,678,815,23,242,113.0,7.21,35.43,32.2,Unknown
A Symonds,527,676,23,206,87.83,7.7,29.39,29.2,Unknown
Noor Ahmad,492,649,23,178,82.0,7.91,28.22,27.77,Chennai Super Kings
BW Hilfenhaus,372,476,23,184,62.0,7.68,20.7,29.05,Unknown
AS Joseph,434,684,22,172,72.33,9.46,31.09,19.31,Unknown
VY Mahesh,339,475,22,127,56.5,8.41,21.59,24.3,Unknown
Akash Madhwal,262,394,22,89,43.67,9.02,17.91,20.65,Rajasthan Royals
M Jansen,451,665,22,187,75.17,8.85,30.23,22.69,Unknown
WPUJC Vaas,282,352,22,134,47.0,7.49,16.0,29.21,Unknown
JP Behrendorff,366,546,22,146,61.0,8.95,24.82,21.68,Unknown
K Gowtham,588,814,21,216,98.0,8.31,38.76,25.63,Lucknow Super Giants
RP Meredith,388,571,21,156,64.67,8.83,27.19,22.19,Unknown
Bipul Sharma,426,566,21,139,71.0,7.97,26.95,26.51,Sunrisers Hyderabad
Anureet Singh,412,606,21,152,68.67,8.82,28.86,22.2,Rajasthan Royals
Shahbaz Ahmed,537,832,21,149,89.5,9.3,39.62,19.64,Unknown
KW Richardson,335,465,21,136,55.83,8.33,22.14,24.58,Unknown
J Suchith,420,587,20,142,70.0,8.39,29.35,24.1,Sunrisers Hyderabad
C Green,439,645,20,160,73.17,8.82,32.25,22.05,Unknown
BB Sran,483,724,20,175,80.5,8.99,36.2,21.33,Unknown
VG Arora,384,551,20,152,64.0,8.61,27.55,23.06,Unknown
Mujeeb Ur Rahman,434,570,20,152,72.33,7.88,28.5,26.89,Unknown
C Sakariya,426,565,20,151,71.0,7.96,28.25,26.46,Unknown
AD Mascarenhas,308,362,19,130,51.33,7.05,19.05,30.75,Unknown
IC Pandey,462,598,19,223,77.0,7.77,31.47,28.07,Unknown
CRD Fernando,234,284,19,107,39.0,7.28,14.95,29.27,Unknown
A Ashish Reddy,262,388,19,83,43.67,8.88,20.42,20.59,Unknown
CH Gayle,554,704,19,196,92.33,7.62,37.05,28.54,Unknown
BJ Hodge,234,301,18,79,39.0,7.72,16.72,26.39,Unknown
NT Ellis,354,495,18,118,59.0,8.39,27.5,23.33,Unknown
R Rampaul,268,308,17,137,44.67,6.9,18.12,31.14,Unknown
Vijaykumar Vyshak,231,378,17,64,38.5,9.82,22.24,14.94,Unknown
LR Shukla,314,438,17,117,52.33,8.37,25.76,23.18,Unknown
D Wiese,296,434,17,86,49.33,8.8,25.53,20.56,Unknown
CR Brathwaite,254,366,16,78,42.33,8.65,22.88,21.01,Unknown
VRV Singh,360,528,16,121,60.0,8.8,33.0,20.73,Unknown
RG Sharma,339,447,16,94,56.5,7.91,27.94,25.09,Mumbai Indians
ST Jayasuriya,294,381,16,86,49.0,7.78,23.81,25.68,Unknown
Kartik Tyagi,422,669,16,155,70.33,9.51,41.81,17.4,Kolkata Knight Riders
AC Thomas,315,402,16,133,52.5,7.66,25.12,26.86,Unknown
Mukesh Choudhary,279,427,16,121,46.5,9.18,26.69,18.73,Chennai Super Kings
MJ Santner,366,413,16,137,61.0,6.77,25.81,31.58,Unknown
SJ Srivastava,282,412,15,106,47.0,8.77,27.47,20.47,Unknown
AN Ahmed,344,468,15,131,57.33,8.16,31.2,23.97,Unknown
Mohammad Nabi,417,524,15,153,69.5,7.54,34.93,27.48,Mumbai Indians
YA Abdulla,209,294,15,92,34.83,8.44,19.6,22.04,Unknown
DR Sams,360,492,15,144,60.0,8.2,32.8,23.91,Unknown
GD McGrath,324,360,14,162,54.0,6.67,25.71,31.92,Unknown
Umar Gul,135,173,14,59,22.5,7.69,12.36,25.35,Unknown
Kamran Khan,166,236,14,71,27.67,8.53,16.86,21.08,Unknown
Karanveer Singh,204,314,14,66,34.0,9.24,22.43,17.29,Kings XI Punjab
S Lamichhane,210,296,14,77,35.0,8.46,21.14,21.51,Unknown
RR Powar,426,512,14,174,71.0,7.21,36.57,29.22,Unknown
CJ Anderson,297,504,14,86,49.5,10.18,36.0,12.58,Unknown
KR Sen,241,373,14,89,40.17,9.29,26.64,17.29,Unknown
JR Hopes,360,553,14,119,60.0,9.22,39.5,18.02,Unknown
DJG Sammy,236,343,14,75,39.33,8.72,24.5,20.12,Unknown
R McLaren,354,529,14,128,59.0,8.97,37.79,19.44,Unknown
AB McDonald,186,261,14,52,31.0,8.42,18.64,21.43,Unknown
JDP Oram,237,349,13,86,39.5,8.84,26.85,19.38,Unknown
TK Curran,238,415,13,59,39.67,10.46,31.92,10.55,Unknown
J Theron,221,291,13,75,36.83,7.9,22.38,24.19,Unknown
CK Langeveldt,156,190,13,75,26.0,7.31,14.62,27.29,Unknown
RS Bopara,206,285,13,66,34.33,8.3,21.92,21.98,Unknown
BA Bhatt,296,399,13,98,49.33,8.09,30.69,23.46,Unknown
SM Pollock,276,303,13,132,46.0,6.59,23.31,31.75,Unknown
R Sai Kishore,186,254,13,57,31.0,8.19,19.54,22.46,Gujarat Titans
G Coetzee,201,334,13,81,33.5,9.97,25.69,13.39,Unknown
J Little,228,333,13,84,38.0,8.76,25.62,19.78,Unknown
Joginder Sharma,256,384,13,73,42.67,9.0,29.54,18.39,Unknown
Ankit Sharma,367,439,12,139,61.17,7.18,36.58,28.49,Rajasthan Royals
AG Murtaza,264,313,12,106,44.0,7.11,26.08,28.47,Unknown
SC Ganguly,276,365,12,82,46.0,7.93,30.42,23.87,Unknown
BCJ Cutting,281,423,12,78,46.83,9.03,35.25,18.05,Unknown
V Pratap Singh,204,293,12,75,34.0,8.62,24.42,20.17,Unknown
Pankaj Singh,300,455,11,115,50.0,9.1,41.36,17.87,Royal Challengers Bengaluru
MA Wood,120,185,11,54,20.0,9.25,16.82,16.37,Unknown
OC McCoy,162,237,11,51,27.0,8.78,21.55,18.8,Unknown
KP Appanna,216,283,11,70,36.0,7.86,25.73,23.86,Unknown
Abhishek Sharma,270,386,11,76,45.0,8.58,35.09,20.15,Sunrisers Hyderabad
JD Ryder,236,308,11,84,39.33,7.83,28.0,24.18,Unknown
Lalit Yadav,288,418,11,86,48.0,8.71,38.0,19.58,Delhi Capitals
JL Pattinson,213,312,11,78,35.5,8.79,28.36,19.07,Unknown
LS Livingstone,258,386,11,72,43.0,8.98,35.09,18.0,Unknown
Suyash Sharma,258,374,11,88,43.0,8.7,34.0,19.66,Royal Challengers Bengaluru
TS Mills,209,334,11,75,34.83,9.59,30.36,14.83,Unknown
S Badree,258,319,11,114,43.0,7.42,29.0,26.69,Unknown
BE Hendricks,150,227,11,55,25.0,9.08,20.64,17.27,Unknown
A Chandila,234,245,11,105,39.0,6.28,22.27,32.57,Unknown
V Shankar,238,315,11,80,39.67,7.94,28.64,23.56,Unknown
PVD Chameera,282,418,11,128,47.0,8.89,38.0,19.13,Unknown
K Kartikeya,234,326,10,74,39.0,8.36,32.6,21.04,Unknown
Anand Rajan,149,193,10,62,24.83,7.77,19.3,24.0,Unknown
Simarjeet Singh,180,247,10,85,30.0,8.23,24.7,21.85,Sunrisers Hyderabad
N Rana,180,248,10,59,30.0,8.27,24.8,21.33,Unknown
MN Samuels,214,279,10,80,35.67,7.82,27.9,23.95,Unknown
DJ Hussey,317,478,10,92,52.83,9.05,47.8,17.62,Unknown
B Laughlin,168,272,10,44,28.0,9.71,27.2,13.59,Unknown
J Syed Mohammad,192,282,10,50,32.0,8.81,28.2,18.39,Unknown
T Thushara,135,150,10,60,22.5,6.67,15.0,29.75,Unknown
AM Nayar,229,312,9,70,38.17,8.17,34.67,21.75,Unknown
JEC Franklin,151,219,9,41,25.17,8.7,24.33,18.62,Unknown
Shahid Afridi,180,232,9,65,30.0,7.73,25.78,24.0,Unknown
KA Jamieson,168,254,9,70,28.0,9.07,28.22,17.02,Unknown
SMSM Senanayake,192,208,9,75,32.0,6.5,23.11,30.58,Unknown
J Yadav,390,438,9,155,65.0,6.74,48.67,30.26,Unknown
P Parameswaran,154,215,9,66,25.67,8.38,23.89,20.6,Unknown
IS Sodhi,181,203,9,66,30.17,6.73,22.56,29.27,Unknown
Mohammad Asif,192,299,9,71,32.0,9.34,33.22,15.61,Unknown
SB Styris,216,272,9,85,36.0,7.56,30.22,25.13,Unknown
SE Bond,186,219,9,76,31.0,7.06,24.33,27.65,Unknown
KMA Paul,163,204,9,54,27.17,7.51,22.67,25.03,Unknown
KP Pietersen,174,208,9,57,29.0,7.17,23.11,26.85,Unknown
AF Milne,207,325,9,77,34.5,9.42,36.11,15.26,Unknown
DJ Hooda,373,522,9,105,62.17,8.4,58.0,20.95,Unknown
BAW Mendis,244,298,9,79,40.67,7.33,33.11,26.27,Unknown
Rasikh Salam,195,327,9,58,32.5,10.06,36.33,11.68,Unknown
AA Chavan,248,331,8,110,41.33,8.01,41.38,22.82,Unknown
GC Viljoen,138,217,8,47,23.0,9.43,27.12,14.61,Unknown
A Mithun,288,440,8,95,48.0,9.17,55.0,16.55,Unknown
S Sandeep Warrier,168,243,8,75,28.0,8.68,30.38,18.89,Unknown
S Randiv,174,217,8,60,29.0,7.48,27.12,25.01,Unknown
M Ntini,210,252,8,108,35.0,7.2,31.5,27.05,Unknown
Akash Deep,164,306,8,57,27.33,11.2,38.25,5.43,Kolkata Knight Riders
KC Cariappa,216,335,8,62,36.0,9.31,41.88,15.42,Kings XI Punjab
JDS Neesham,216,336,8,68,36.0,9.33,42.0,15.39,Unknown
N Thushara,156,238,8,51,26.0,9.15,29.75,16.13,Unknown
I Udana,174,278,8,49,29.0,9.59,34.75,13.8,Unknown
AM Salvi,150,195,7,61,25.0,7.8,27.86,23.1,Unknown
B Stanlake,144,194,7,64,24.0,8.08,27.71,21.67,Unknown
RR Raje,139,204,7,41,23.17,8.8,29.14,17.61,Unknown
R Shukla,120,206,7,44,20.0,10.3,29.43,9.77,Unknown
HF Gurney,162,231,7,51,27.0,8.56,33.0,18.99,Unknown
PC Valthaty,151,201,7,46,25.17,7.99,28.71,21.93,Unknown
B Akhil,188,239,7,64,31.33,7.63,34.14,24.03,Unknown
TL Suman,150,195,7,44,25.0,7.8,27.86,22.9,Unknown
Swapnil Singh,162,237,7,39,27.0,8.78,33.86,17.69,Royal Challengers Bengaluru
KM Asif,134,220,7,47,22.33,9.85,31.43,12.17,Rajasthan Royals
Y Venugopal Rao,216,330,7,60,36.0,9.17,47.14,15.89,Unknown
DJ Willey,216,272,7,84,36.0,7.56,38.86,24.63,Unknown
D Pretorius,150,226,7,46,25.0,9.04,32.29,16.41,Unknown
C de Grandhomme,216,299,7,62,36.0,8.31,42.71,20.43,Unknown
P Amarnath,132,241,7,34,22.0,10.95,34.43,6.23,Unknown
Fazalhaq Farooqi,152,219,6,58,25.33,8.65,36.5,18.36,Rajasthan Royals
S Tyagi,209,292,6,99,34.83,8.38,48.67,20.26,Unknown
S Kaushik,204,298,6,72,34.0,8.76,49.67,17.95,Unknown
VS Malik,205,260,6,88,34.17,7.61,43.33,24.18,Unknown
Arshad Khan,134,260,6,46,22.33,11.64,43.33,2.51,Unknown
SS Cottrell,120,162,6,59,20.0,8.1,27.0,21.26,Unknown
AS Roy,136,185,6,48,22.67,8.16,30.83,20.82,Unknown
SB Bangar,150,214,6,57,25.0,8.56,35.67,18.82,Unknown
FH Edwards,140,146,6,75,23.33,6.26,24.33,31.12,Unknown
R Shepherd,126,250,6,41,21.0,11.9,41.67,1.08,Unknown
R Sathish,139,228,6,31,23.17,9.84,38.0,11.79,Unknown
V Sehwag,136,230,6,45,22.67,10.15,38.33,10.33,Unknown
Akash Singh,138,224,5,53,23.0,9.74,44.8,12.33,Lucknow Super Giants
HR Shokeen,204,305,5,82,34.0,8.97,61.0,16.72,Unknown
R Parag,175,300,5,36,29.17,10.28,60.0,9.29,Unknown
TM Dilshan,271,363,5,81,45.17,8.04,72.6,21.59,Unknown
V Kohli,251,350,5,55,41.83,8.37,70.0,19.55,Royal Challengers Bengaluru
K Khejroliya,121,211,5,36,20.17,10.46,42.2,8.35,Unknown
KL Nagarkoti,180,282,5,52,30.0,9.4,56.4,14.11,Unknown
S Ladda,138,221,5,49,23.0,9.61,44.2,12.97,Unknown
DP Vijaykumar,152,196,4,69,25.33,7.74,49.0,22.79,Unknown
Azmatullah Omarzai,126,189,4,57,21.0,9.0,47.25,16.03,Punjab Kings
LE Plunkett,150,224,4,42,25.0,8.96,56.0,16.06,Unknown
Parvez Rasool,198,270,4,62,33.0,8.18,67.5,20.39,Unknown
T Shamsi,120,185,3,32,20.0,9.25,61.67,14.18,Unknown
AK Markram,121,171,2,33,20.17,8.48,85.5,17.99,Unknown
Mayank Dagar,137,200,2,44,22.83,8.76,100.0,16.65,Sunrisers Hyderabad
